date,bus_total_route_km,bus_total_vehicles,bus_total_trips,bus_total_vehicle_km,bus_total_passengers,bus_total_passenger_km,bus_total_revenue_twd,bus_city_route_km,bus_city_vehicles,bus_city_trips,bus_city_vehicle_km,bus_city_vehicle_days,bus_city_fuel_liters,bus_city_passengers,bus_city_daily_passengers,bus_city_passenger_km,bus_city_revenue_twd,bus_highway_route_km,bus_highway_vehicles,bus_highway_trips,bus_highway_vehicle_km,bus_highway_passengers,bus_highway_passenger_km,bus_highway_revenue_twd,month_sin,month_cos,days_in_month,bus_total_route_km_is_missing,bus_total_vehicles_is_missing,bus_total_trips_is_missing,bus_total_vehicle_km_is_missing,bus_total_passengers_is_missing,bus_total_passenger_km_is_missing,bus_total_revenue_twd_is_missing,bus_city_route_km_is_missing,bus_city_vehicles_is_missing,bus_city_trips_is_missing,bus_city_vehicle_km_is_missing,bus_city_vehicle_days_is_missing,bus_city_fuel_liters_is_missing,bus_city_passengers_is_missing,bus_city_daily_passengers_is_missing,bus_city_passenger_km_is_missing,bus_city_revenue_twd_is_missing,bus_highway_route_km_is_missing,bus_highway_vehicles_is_missing,bus_highway_trips_is_missing,bus_highway_vehicle_km_is_missing,bus_highway_passengers_is_missing,bus_highway_passenger_km_is_missing,bus_highway_revenue_twd_is_missing
2007-01-01,68619.1,13138.0,3806831.0,97309094.0,87400630.0,1315321418.0,2256799885.0,9770.7,5745.0,2723215.0,28555766.0,166333.0,11906438.0,65651581.0,2117793.0,532801980.0,1010396541.0,58848.4,7393.0,1083616.0,68753328.0,21749049.0,782519438.0,1246403344.0,0.0,1.0,31,0,0,0,0,0,0,0,0,0,0,0,0,0,0,0,0,0,0,0,0,0,0,0,0
2007-02-01,69245.2,13174.0,3104948.0,87107501.0,67436292.0,1201605442.0,1991039043.0,9813.7,5712.0,2173058.0,22886167.0,145926.0,9872684.0,51061980.0,1823642.0,417128454.0,785664149.0,59431.5,7462.0,931890.0,64221334.0,16374312.0,784476988.0,1205374894.0,0.49999999999999994,0.8660254037844387,28,0,0,0,0,0,0,0,0,0,0,0,0,0,0,0,0,0,0,0,0,0,0,0,0
2007-03-01,69104.6,13213.0,3813800.0,98110547.0,91091835.0,1395284628.0,2310147904.0,9800.0,5732.0,2708274.0,28412147.0,166358.0,12267910.0,69539385.0,2243206.0,563965796.0,1064015437.0,59304.6,7481.0,1105526.0,69698400.0,21552450.0,831318832.0,1246132467.0,0.8660254037844386,0.5000000000000001,31,0,0,0,0,0,0,0,0,0,0,0,0,0,0,0,0,0,0,0,0,0,0,0,0
2007-04-01,68130.3,13173.0,3683710.0,95906576.0,85654429.0,1388736790.0,2271131367.0,9766.6,5730.0,2618660.0,27056727.0,160430.0,11835086.0,64461069.0,2148702.0,520722426.0,983723973.0,58363.7,7443.0,1065050.0,68849849.0,21193360.0,868014364.0,1287407394.0,1.0,6.123233995736766e-17,30,0,0,0,0,0,0,0,0,0,0,0,0,0,0,0,0,0,0,0,0,0,0,0,0
2007-05-01,68009.5,13145.0,3835633.0,98200898.0,89707553.0,1399243357.0,2308733748.0,9756.7,5704.0,2727309.0,28250288.0,166080.0,13131209.0,68668949.0,2215127.0,557157628.0,1053211418.0,58252.8,7441.0,1108324.0,69950610.0,21038604.0,842085729.0,1255522330.0,0.8660254037844387,-0.4999999999999998,31,0,0,0,0,0,0,0,0,0,0,0,0,0,0,0,0,0,0,0,0,0,0,0,0
2007-06-01,68300.0,13085.0,3642881.0,94326950.0,81883197.0,1291674914.0,2162671361.0,9954.9,5652.0,2588918.0,26939165.0,158492.0,12607845.0,62515643.0,2083855.0,506100446.0,958320403.0,58345.1,7433.0,1053963.0,67387785.0,19367554.0,785574468.0,1204350958.0,0.49999999999999994,-0.8660254037844387,30,0,0,0,0,0,0,0,0,0,0,0,0,0,0,0,0,0,0,0,0,0,0,0,0
2007-07-01,68017.1,13117.0,3690184.0,94210751.0,81693071.0,1336276442.0,2222993057.0,9742.3,5712.0,2661064.0,27685960.0,163725.0,13410083.0,62934076.0,2030131.0,509573736.0,969704434.0,58274.8,7405.0,1029120.0,66524791.0,18758995.0,826702706.0,1253288623.0,1.2246467991473532e-16,-1.0,31,0,0,0,0,0,0,0,0,0,0,0,0,0,0,0,0,0,0,0,0,0,0,0,0
2007-08-01,68062.0,13012.0,3660838.0,92431674.0,81146814.0,1296460776.0,2177997923.0,9850.7,5637.0,2644764.0,27492159.0,162773.0,13036065.0,63005607.0,2032439.0,509087686.0,970443950.0,58211.3,7375.0,1016074.0,64939515.0,18141207.0,787373090.0,1207553973.0,-0.4999999999999997,-0.8660254037844388,31,0,0,0,0,0,0,0,0,0,0,0,0,0,0,0,0,0,0,0,0,0,0,0,0
2007-09-01,67818.1,13004.0,3526462.0,90952195.0,82846896.0,1323290431.0,2267829121.0,9746.5,5609.0,2508658.0,26246349.0,156384.0,12449491.0,62861341.0,2095378.0,506313065.0,944486571.0,58071.6,7395.0,1017804.0,64705846.0,19985555.0,816977366.0,1323342550.0,-0.8660254037844385,-0.5000000000000004,30,0,0,0,0,0,0,0,0,0,0,0,0,0,0,0,0,0,0,0,0,0,0,0,0
2007-10-01,67865.9,12893.0,3688143.0,91984218.0,90008962.0,1317595304.0,2273625675.0,9735.2,5584.0,2647812.0,27677991.0,162439.0,12507974.0,67945702.0,2191797.0,546695687.0,1053060441.0,58130.7,7309.0,1040331.0,64306227.0,22063260.0,770899617.0,1220565234.0,-1.0,-1.8369701987210297e-16,31,0,0,0,0,0,0,0,0,0,0,0,0,0,0,0,0,0,0,0,0,0,0,0,0
2007-11-01,68393.9,12991.0,3668935.0,91595963.0,88926815.0,1321692933.0,2261372420.0,9801.1,5629.0,2627169.0,27377470.0,158951.0,12000867.0,68444801.0,2281493.0,550621517.0,1050307590.0,58592.8,7362.0,1041766.0,64218493.0,20482014.0,771071416.0,1211064830.0,-0.8660254037844386,0.5000000000000001,30,0,0,0,0,0,0,0,0,0,0,0,0,0,0,0,0,0,0,0,0,0,0,0,0
2007-12-01,68376.55,13155.0,3763147.0,95500857.0,92994531.0,1392062057.0,2429990237.0,10115.35,5707.0,2692109.0,28475306.0,166274.0,12107017.0,71370523.0,2302275.0,573665703.0,1098003119.0,58261.2,7448.0,1071038.0,67025551.0,21624008.0,818396354.0,1331987118.0,-0.5000000000000004,0.8660254037844384,31,0,0,0,0,0,0,0,0,0,0,0,0,0,0,0,0,0,0,0,0,0,0,0,0
2008-01-01,68138.25,13117.0,3741200.0,94314253.0,88912808.0,1297397104.0,2267957549.0,10097.45,5714.0,2682470.0,28279638.0,166153.0,12049836.0,68154760.0,2198541.0,551035790.0,1056773381.0,58040.8,7403.0,1058730.0,66034615.0,20758048.0,746361314.0,1211184168.0,0.0,1.0,31,0,0,0,0,0,0,0,0,0,0,0,0,0,0,0,0,0,0,0,0,0,0,0,0
2008-02-01,67544.25,12945.0,3259856.0,84111506.0,73531152.0,1178175067.0,2029402338.0,10100.65,5663.0,2300381.0,24354690.0,152587.0,10061611.0,56756500.0,1957121.0,460120715.0,878743722.0,57443.6,7282.0,959475.0,59756816.0,16774652.0,718054352.0,1150658616.0,0.49999999999999994,0.8660254037844387,29,0,0,0,0,0,0,0,0,0,0,0,0,0,0,0,0,0,0,0,0,0,0,0,0
2008-03-01,67336.85,13032.0,3730867.0,91207072.0,92730314.0,1380305957.0,2389393821.0,10084.25,5745.0,2671316.0,28125407.0,166618.0,11896295.0,70249369.0,2266109.0,562259485.0,1079940985.0,57252.6,7287.0,1059551.0,63081665.0,22480945.0,818046472.0,1309452836.0,0.8660254037844386,0.5000000000000001,31,0,0,0,0,0,0,0,0,0,0,0,0,0,0,0,0,0,0,0,0,0,0,0,0
2008-04-01,66967.85,13024.0,3617411.0,88435632.0,88489243.0,1299102967.0,2249619911.0,9827.35,5751.0,2584706.0,27325045.0,160190.0,11930029.0,67585988.0,2252866.0,539339178.0,1040022017.0,57140.5,7273.0,1032705.0,61110587.0,20903255.0,759763789.0,1209597894.0,1.0,6.123233995736766e-17,30,0,0,0,0,0,0,0,0,0,0,0,0,0,0,0,0,0,0,0,0,0,0,0,0
2008-05-01,66644.75,13080.0,3729498.0,90610885.0,91881669.0,1361691676.0,2333461408.0,9873.75,5765.0,2675979.0,28366055.0,166866.0,12710213.0,70113148.0,2261714.0,558071923.0,1087262150.0,56771.0,7315.0,1053519.0,62244830.0,21768521.0,803619753.0,1246199258.0,0.8660254037844387,-0.4999999999999998,31,0,0,0,0,0,0,0,0,0,0,0,0,0,0,0,0,0,0,0,0,0,0,0,0
2008-06-01,66482.15,13042.0,3542039.0,84374552.0,87325441.0,1294887914.0,2197593358.0,9832.45,5763.0,2561958.0,27409262.0,160209.0,12445702.0,66522948.0,2217432.0,527288192.0,1022887462.0,56649.7,7279.0,980081.0,56965290.0,20802493.0,767599722.0,1174705896.0,0.49999999999999994,-0.8660254037844387,30,0,0,0,0,0,0,0,0,0,0,0,0,0,0,0,0,0,0,0,0,0,0,0,0
2008-07-01,66341.8,12907.0,3566972.0,84684888.0,84020450.0,1316680169.0,2189858287.0,9865.3,5727.0,2619110.0,27691412.0,165109.0,12902361.0,65399695.0,2109668.0,524356087.0,1007629228.0,56476.5,7180.0,947862.0,56993476.0,18620755.0,792324082.0,1182229059.0,1.2246467991473532e-16,-1.0,31,0,0,0,0,0,0,0,0,0,0,0,0,0,0,0,0,0,0,0,0,0,0,0,0
2008-08-01,67332.0,12929.0,3612772.0,87035922.0,86142624.0,1365328988.0,2295245682.0,11113.2,5767.0,2634744.0,27928273.0,166697.0,12994221.0,66658411.0,2150271.0,511672176.0,1030664737.0,56218.8,7162.0,978028.0,59107649.0,19484213.0,853656812.0,1264580945.0,-0.4999999999999997,-0.8660254037844388,31,0,0,0,0,0,0,0,0,0,0,0,0,0,0,0,0,0,0,0,0,0,0,0,0
2008-09-01,67133.9,12927.0,3378754.0,79395022.0,84840855.0,1256736354.0,2174198867.0,11067.4,5766.0,2455576.0,26103716.0,158400.0,11903884.0,64461084.0,2148703.0,515465915.0,1005570937.0,56066.5,7161.0,923178.0,53291306.0,20379771.0,741270439.0,1168627930.0,-0.8660254037844385,-0.5000000000000004,30,0,0,0,0,0,0,0,0,0,0,0,0,0,0,0,0,0,0,0,0,0,0,0,0
2008-10-01,67033.6,12935.0,3684918.0,85627117.0,93708424.0,1370144162.0,2373736028.0,11034.1,5799.0,2671630.0,28436370.0,166272.0,12619067.0,71977718.0,2321862.0,574904807.0,1118172348.0,55999.5,7136.0,1013288.0,57190747.0,21730706.0,795239355.0,1255563680.0,-1.0,-1.8369701987210297e-16,31,0,0,0,0,0,0,0,0,0,0,0,0,0,0,0,0,0,0,0,0,0,0,0,0
2008-11-01,66823.0,12930.0,3547711.0,82195808.0,87845401.0,1292665271.0,2213845735.0,10999.1,5792.0,2570697.0,27385056.0,160638.0,11866799.0,67268921.0,2242297.0,537537948.0,1045390889.0,55823.9,7138.0,977014.0,54810752.0,20576480.0,755127323.0,1168454846.0,-0.8660254037844386,0.5000000000000001,30,0,0,0,0,0,0,0,0,0,0,0,0,0,0,0,0,0,0,0,0,0,0,0,0
2008-12-01,66446.9,12967.0,3723265.0,86095114.0,94665816.0,1370000464.0,2362070158.0,10933.0,5807.0,2703284.0,28904191.0,167021.0,12241211.0,72511775.0,2339090.0,580918900.0,1119739289.0,55513.9,7160.0,1019981.0,57190923.0,22154041.0,789081564.0,1242330869.0,-0.5000000000000004,0.8660254037844384,31,0,0,0,0,0,0,0,0,0,0,0,0,0,0,0,0,0,0,0,0,0,0,0,0
2009-01-01,65854.6,12988.0,3423892.0,83519491.0,80414516.0,1269953757.0,2139984681.0,10982.2,5826.0,2458379.0,26298834.0,163305.0,10555863.0,60071965.0,1937805.0,482308775.0,928177966.0,54872.4,7162.0,965513.0,57220657.0,20342551.0,787644982.0,1211806715.0,0.0,1.0,31,0,0,0,0,0,0,0,0,0,0,0,0,0,0,0,0,0,0,0,0,0,0,0,0
2009-02-01,65825.35,13009.0,3311373.0,77772711.0,81614373.0,1234870804.0,2042127373.0,10952.75,5875.0,2407109.0,25519848.0,149080.0,10584364.0,62983870.0,2249424.0,505573539.0,974285201.0,54872.6,7134.0,904264.0,52252863.0,18630503.0,729297265.0,1067842172.0,0.49999999999999994,0.8660254037844387,28,0,0,0,0,0,0,0,0,0,0,0,0,0,0,0,0,0,0,0,0,0,0,0,0
2009-03-01,65795.4,12947.0,3706181.0,86819650.0,90928434.0,1329745739.0,2267098831.0,10922.4,5871.0,2700156.0,28754572.0,166012.0,11813912.0,70451887.0,2272642.0,538147141.0,1090248208.0,54873.0,7076.0,1006025.0,58065078.0,20476547.0,791598598.0,1176850623.0,0.8660254037844386,0.5000000000000001,31,0,0,0,0,0,0,0,0,0,0,0,0,0,0,0,0,0,0,0,0,0,0,0,0
2009-04-01,65959.2,12986.0,3620937.0,85016345.0,88298076.0,1319266989.0,2208202844.0,11128.5,5914.0,2630531.0,28063225.0,162379.0,11761834.0,68077667.0,2269256.0,548373434.0,1054335071.0,54830.7,7072.0,990406.0,56953120.0,20220409.0,770893555.0,1153867773.0,1.0,6.123233995736766e-17,30,0,0,0,0,0,0,0,0,0,0,0,0,0,0,0,0,0,0,0,0,0,0,0,0
2009-05-01,65970.5,12995.0,3665884.0,88605196.0,88429597.0,1410168656.0,2356779416.0,11167.7,5906.0,2647926.0,28299720.0,168060.0,12531302.0,67423877.0,2174964.0,543856476.0,1044583118.0,54802.8,7089.0,1017958.0,60305476.0,21005720.0,866312180.0,1312196298.0,0.8660254037844387,-0.4999999999999998,31,0,0,0,0,0,0,0,0,0,0,0,0,0,0,0,0,0,0,0,0,0,0,0,0
2009-06-01,65544.6,13103.0,3619167.0,83989060.0,85770473.0,1272135620.0,2114012373.0,11124.5,6007.0,2633938.0,28158211.0,162332.0,13238085.0,66907155.0,2230239.0,540803427.0,1033451582.0,54420.1,7096.0,985229.0,55830849.0,18863318.0,731332193.0,1080560791.0,0.49999999999999994,-0.8660254037844387,30,0,0,0,0,0,0,0,0,0,0,0,0,0,0,0,0,0,0,0,0,0,0,0,0
2009-07-01,66620.9,13078.0,3672785.0,87450022.0,84722508.0,1361658235.0,2218091147.0,11175.3,6002.0,2681454.0,28633267.0,167322.0,13842676.0,65965481.0,2127919.0,536022267.0,1005981810.0,55445.6,7076.0,991331.0,58816755.0,18757027.0,825635968.0,1212109337.0,1.2246467991473532e-16,-1.0,31,0,0,0,0,0,0,0,0,0,0,0,0,0,0,0,0,0,0,0,0,0,0,0,0
2009-08-01,71032.0,13055.0,3534994.0,84744782.0,81081088.0,1322773755.0,2178953097.0,11242.0,5969.0,2580943.0,27585493.0,164091.0,12795113.0,62374248.0,2012073.0,501325594.0,956621218.0,59790.0,7086.0,954051.0,57159289.0,18706840.0,821448161.0,1222331879.0,-0.4999999999999997,-0.8660254037844388,31,0,0,0,0,0,0,0,0,0,0,0,0,0,0,0,0,0,0,0,0,0,0,0,0
2009-09-01,65765.9,13026.0,3631183.0,86166057.0,86885106.0,1319283310.0,2226006073.0,11259.9,5969.0,2629158.0,28098546.0,163118.0,13133576.0,67356318.0,2245211.0,545430286.0,1038703161.0,54506.0,7057.0,1002025.0,58067511.0,19528788.0,773853024.0,1187302912.0,-0.8660254037844385,-0.5000000000000004,30,0,0,0,0,0,0,0,0,0,0,0,0,0,0,0,0,0,0,0,0,0,0,0,0
2009-10-01,65471.6,13033.0,3751439.0,89152406.0,90219566.0,1361516246.0,2296863377.0,11215.5,5995.0,2720252.0,29094585.0,168669.0,12513954.0,69766428.0,2250530.0,564542258.0,1075580321.0,54256.1,7038.0,1031187.0,60057821.0,20453138.0,796973988.0,1221283056.0,-1.0,-1.8369701987210297e-16,31,0,0,0,0,0,0,0,0,0,0,0,0,0,0,0,0,0,0,0,0,0,0,0,0
2009-11-01,65579.7,13112.0,3612981.0,85368160.0,87492000.0,1298527838.0,2210176558.0,11215.0,6053.0,2620878.0,28024511.0,161919.0,11885801.0,67702030.0,2256734.0,546207932.0,1043214270.0,54364.7,7059.0,992103.0,57343649.0,19789970.0,752319906.0,1166962288.0,-0.8660254037844386,0.5000000000000001,30,0,0,0,0,0,0,0,0,0,0,0,0,0,0,0,0,0,0,0,0,0,0,0,0
2009-12-01,65651.2,13123.0,3755549.0,88305251.0,92923589.0,1382408060.0,2361996805.0,11231.5,6049.0,2731046.0,29082236.0,167961.0,11805915.0,71893804.0,2319155.0,580484534.0,1110739861.0,54419.7,7074.0,1024503.0,59223015.0,21029785.0,801923526.0,1251256944.0,-0.5000000000000004,0.8660254037844384,31,0,0,0,0,0,0,0,0,0,0,0,0,0,0,0,0,0,0,0,0,0,0,0,0
2010-01-01,66070.7,13601.0,3022976.0,89027187.0,90777759.0,1336343572.0,2278776777.0,12060.9,6498.0,2028499.0,30746789.0,164192.0,12393598.24,71374776.0,2302412.0,575320954.0,1096479294.0,54009.8,7103.0,994477.0,58280398.0,19402983.0,761022618.0,1182297483.0,0.0,1.0,31,0,0,0,0,0,0,0,0,0,0,0,0,0,0,0,0,0,0,0,0,0,0,0,0
2010-02-01,65993.21,13636.0,2561847.0,78912532.0,73946627.0,1190170673.0,1986768897.0,12148.21,6545.0,1687742.0,25742466.0,146493.0,10661262.69,57708156.0,2061006.0,466320005.0,872119493.0,53845.0,7091.0,874105.0,53170066.0,16238471.0,723850668.0,1114649404.0,0.49999999999999994,0.8660254037844387,28,0,0,0,0,0,0,0,0,0,0,0,0,0,0,0,0,0,0,0,0,0,0,0,0
2010-03-01,65860.87,13628.0,3090569.0,89633197.0,98529040.0,1403049143.0,2399367835.0,12015.57,6588.0,2064461.0,31403339.0,169320.0,13000621.53,77740151.0,2507747.0,624587056.0,1184295499.0,53845.3,7040.0,1026108.0,58229858.0,20788889.0,778462087.0,1215072336.0,0.8660254037844386,0.5000000000000001,31,0,0,0,0,0,0,0,0,0,0,0,0,0,0,0,0,0,0,0,0,0,0,0,0
2010-04-01,65860.95,13670.0,2986419.0,87771324.0,92876536.0,1359859906.0,2330141001.0,11989.25,6603.0,1989652.0,30081092.0,163014.0,12494647.67,72992264.0,2433075.0,584023124.0,1120739094.0,53871.7,7067.0,996767.0,57690232.0,19884272.0,775836782.0,1209401907.0,1.0,6.123233995736766e-17,30,0,0,0,0,0,0,0,0,0,0,0,0,0,0,0,0,0,0,0,0,0,0,0,0
2010-05-01,66862.45,13668.0,3064002.0,89792466.0,95859001.0,1400749021.0,2410506641.0,11952.35,6603.0,2036975.0,30917334.0,163719.0,13387994.44,75858769.0,2447057.0,607179417.0,1143012146.0,54910.1,7065.0,1027027.0,58875132.0,20000232.0,793569604.0,1267494495.0,0.8660254037844387,-0.4999999999999998,31,0,0,0,0,0,0,0,0,0,0,0,0,0,0,0,0,0,0,0,0,0,0,0,0
2010-06-01,67056.55,13643.0,3197014.0,90900091.0,90513129.0,1304687042.0,2274192608.0,11948.45,6581.0,2254786.0,34781414.0,162701.0,12967754.96,71205351.0,2373512.0,571267321.0,1094780322.0,55108.1,7062.0,942228.0,56118677.0,19307778.0,733419721.0,1179412286.0,0.49999999999999994,-0.8660254037844387,30,0,0,0,0,0,0,0,0,0,0,0,0,0,0,0,0,0,0,0,0,0,0,0,0
2010-07-01,67041.9,13647.0,2936957.0,88844892.0,90200952.0,1395239929.0,2398379947.0,11920.2,6581.0,1977259.0,30237434.0,167816.0,13929628.59,71196934.0,2296675.0,572065211.0,1095831382.0,55121.7,7066.0,959698.0,58607458.0,19004018.0,823174718.0,1302548565.0,1.2246467991473532e-16,-1.0,31,0,0,0,0,0,0,0,0,0,0,0,0,0,0,0,0,0,0,0,0,0,0,0,0
2010-08-01,67356.55,13690.0,2946396.0,89603718.0,90303259.0,1423574718.0,2411570844.0,12046.15,6599.0,1978250.0,30260798.0,168574.0,13703871.24,71266161.0,2298908.0,573589677.0,1095697008.0,55310.4,7091.0,968146.0,59342920.0,19037098.0,849985041.0,1315873836.0,-0.4999999999999997,-0.8660254037844388,31,0,0,0,0,0,0,0,0,0,0,0,0,0,0,0,0,0,0,0,0,0,0,0,0
2010-09-01,67101.8,13716.0,2870859.0,85989972.0,91886214.0,1341303391.0,2331431795.0,11792.3,6590.0,1928838.0,29528607.0,162485.0,13439307.53,72572768.0,2419092.0,583516936.0,1113180708.0,55309.5,7126.0,942021.0,56461365.0,19313446.0,757786455.0,1218251087.0,-0.8660254037844385,-0.5000000000000004,30,0,0,0,0,0,0,0,0,0,0,0,0,0,0,0,0,0,0,0,0,0,0,0,0
2010-10-01,66689.8,13817.0,2988811.0,90359306.0,98421952.0,1409935025.0,2451828072.0,11923.95,6629.0,2013820.0,31042698.0,172123.0,13327698.7,77740864.0,2507770.0,623760057.0,1195727020.0,54765.85,7188.0,974991.0,59316608.0,20681088.0,786174968.0,1256101052.0,-1.0,-1.8369701987210297e-16,31,0,0,0,0,0,0,0,0,0,0,0,0,0,0,0,0,0,0,0,0,0,0,0,0
2010-11-01,66953.95,13907.0,2929066.0,88849832.0,94998866.0,1332628410.0,2356947804.0,12099.25,6692.0,1975330.0,30558835.0,169956.0,12589545.76,75872196.0,2529073.0,600564207.0,1185660165.0,54854.7,7215.0,953736.0,58290997.0,19126670.0,732064203.0,1171287639.0,-0.8660254037844386,0.5000000000000001,30,0,0,0,0,0,0,0,0,0,0,0,0,0,0,0,0,0,0,0,0,0,0,0,0
2010-12-01,66960.05,13900.0,3082503.0,94137676.0,101515209.0,1409506069.0,2479621965.0,12115.45,6761.0,2086505.0,32244024.0,178581.0,12998190.02,81538398.0,2630271.0,638893704.0,1230457787.0,54844.6,7139.0,995998.0,61893652.0,19976811.0,770612365.0,1249164178.0,-0.5000000000000004,0.8660254037844384,31,0,0,0,0,0,0,0,0,0,0,0,0,0,0,0,0,0,0,0,0,0,0,0,0
2011-01-01,62634.88,14239.0,3297416.0,94124005.0,95284044.0,1315317187.0,2314699194.0,12059.38,7136.0,2327266.0,32938540.0,207571.0,13093287.49,77076052.0,2486324.0,597786854.0,1165397234.0,50575.5,7103.0,970150.0,61185465.0,18207992.0,717530333.0,1149301960.0,0.0,1.0,31,0,0,0,0,0,0,0,0,0,0,0,0,0,0,0,0,0,0,0,0,0,0,0,0
2011-02-01,62889.13,14345.0,2848760.0,85238187.0,84127065.0,1230508652.0,2156410388.0,12367.33,7211.0,1994440.0,28168723.0,183216.0,11260584.53,67691511.0,2417554.0,508411637.0,984243479.0,50521.8,7134.0,854320.0,57069464.0,16435554.0,722097015.0,1172166909.0,0.49999999999999994,0.8660254037844387,28,0,0,0,0,0,0,0,0,0,0,0,0,0,0,0,0,0,0,0,0,0,0,0,0
2011-03-01,62714.16,14182.0,3328339.0,94819915.0,104053420.0,1387137735.0,2449661827.0,12375.76,7216.0,2375269.0,33773410.0,211816.0,13633070.38,85018094.0,2742519.0,647495326.0,1257338509.0,50338.4,6966.0,953070.0,61046505.0,19035326.0,739642409.0,1192323318.0,0.8660254037844386,0.5000000000000001,31,0,0,0,0,0,0,0,0,0,0,0,0,0,0,0,0,0,0,0,0,0,0,0,0
2011-04-01,62799.86,14285.0,3173427.0,92080989.0,100816520.0,1406088847.0,2448377399.0,12415.96,7262.0,2249068.0,31723183.0,206786.0,13451863.1,81693940.0,2723131.0,610397415.0,1188593954.0,50383.9,7023.0,924359.0,60357806.0,19122580.0,795691432.0,1259783445.0,1.0,6.123233995736766e-17,30,0,0,0,0,0,0,0,0,0,0,0,0,0,0,0,0,0,0,0,0,0,0,0,0
2011-05-01,62825.46,14279.0,3215331.0,92158590.0,99219653.0,1445843003.0,2476312398.0,12424.86,7246.0,2277769.0,32989758.0,212652.0,14392505.62,80009572.0,2580954.0,638601543.0,1220934126.0,50400.6,7033.0,937562.0,59168832.0,19210081.0,807241460.0,1255378272.0,0.8660254037844387,-0.4999999999999998,31,0,0,0,0,0,0,0,0,0,0,0,0,0,0,0,0,0,0,0,0,0,0,0,0
2011-06-01,62387.46,14260.0,3108237.0,87813208.0,92632215.0,1395315104.0,2352608228.0,12939.76,7274.0,2218341.0,32157903.0,206020.0,14817521.64,74730670.0,2491022.0,602775073.0,1155823775.0,49447.7,6986.0,889896.0,55655305.0,17901545.0,792540031.0,1196784453.0,0.49999999999999994,-0.8660254037844387,30,0,0,0,0,0,0,0,0,0,0,0,0,0,0,0,0,0,0,0,0,0,0,0,0
2011-07-01,61301.69,14219.0,3187999.0,91343292.0,92585944.0,1474951577.0,2453846724.0,12929.09,7274.0,2278641.0,33076627.0,208431.0,15229201.48,74966617.0,2418278.0,609132277.0,1167088046.0,48372.6,6945.0,909358.0,58266665.0,17619327.0,865819300.0,1286758678.0,1.2246467991473532e-16,-1.0,31,0,0,0,0,0,0,0,0,0,0,0,0,0,0,0,0,0,0,0,0,0,0,0,0
2011-08-01,61822.04,14185.0,3199105.0,90852135.0,94037232.0,1469612847.0,2462711137.0,12941.14,7258.0,2285182.0,33157487.0,209806.0,15248774.92,76265040.0,2460163.0,622638774.0,1191660684.0,48880.9,6927.0,913923.0,57694648.0,17772192.0,846974073.0,1271050453.0,-0.4999999999999997,-0.8660254037844388,31,0,0,0,0,0,0,0,0,0,0,0,0,0,0,0,0,0,0,0,0,0,0,0,0
2011-09-01,61827.21,14215.0,3106668.0,88241732.0,97864918.0,1471256513.0,2489027135.0,13132.11,7293.0,2214310.0,32174679.0,203339.0,14588169.79,79182205.0,2639407.0,644180965.0,1228282622.0,48695.1,6922.0,892358.0,56067053.0,18682713.0,827075548.0,1260744513.0,-0.8660254037844385,-0.5000000000000004,30,0,0,0,0,0,0,0,0,0,0,0,0,0,0,0,0,0,0,0,0,0,0,0,0
2011-10-01,61957.51,14219.0,3208967.0,90704205.0,100643720.0,1508582977.0,2541924201.0,13285.01,7307.0,2287880.0,33161367.0,212660.0,14401769.86,81442001.0,2627161.0,664320655.0,1265576328.0,48672.5,6912.0,921087.0,57542838.0,19201719.0,844262322.0,1276347873.0,-1.0,-1.8369701987210297e-16,31,0,0,0,0,0,0,0,0,0,0,0,0,0,0,0,0,0,0,0,0,0,0,0,0
2011-11-01,62176.53,14285.0,3145948.0,87853801.0,99460368.0,1430581607.0,2419782338.0,13411.63,7347.0,2251894.0,32681581.0,207351.0,13919311.33,80996525.0,2699884.0,662429187.0,1255482136.0,48764.9,6938.0,894054.0,55172220.0,18463843.0,768152420.0,1164300202.0,-0.8660254037844386,0.5000000000000001,30,0,0,0,0,0,0,0,0,0,0,0,0,0,0,0,0,0,0,0,0,0,0,0,0
2011-12-01,62180.43,14407.0,3239422.0,91455023.0,103572282.0,1504691953.0,2639706106.0,14585.13,7609.0,2327680.0,34015652.0,219202.0,13890306.9,84622037.0,2729743.0,695691403.0,1399528110.0,47595.3,6798.0,911742.0,57439371.0,18950245.0,809000550.0,1240177996.0,-0.5000000000000004,0.8660254037844384,31,0,0,0,0,0,0,0,0,0,0,0,0,0,0,0,0,0,0,0,0,0,0,0,0
2012-01-01,62409.98,14404.0,3115483.0,89765634.0,88381988.0,1392555011.0,2427279053.0,15354.18,7783.0,2259217.0,32584586.0,216038.0,12959805.69,72178205.0,2328329.0,594358875.0,1190276773.0,47055.8,6621.0,856266.0,57181048.0,16203783.0,798196136.0,1237002280.0,0.0,1.0,31,0,0,0,0,0,0,0,0,0,0,0,0,0,0,0,0,0,0,0,0,0,0,0,0
2012-02-01,62091.75,14280.0,3045182.0,84420078.0,91950164.0,1393615490.0,2430012204.0,15415.95,7758.0,2235530.0,32159841.0,206972.0,13006516.04,75814569.0,2614295.0,623503781.0,1255228246.0,46675.8,6522.0,809652.0,52260237.0,16135595.0,770111709.0,1174783958.0,0.49999999999999994,0.8660254037844387,29,0,0,0,0,0,0,0,0,0,0,0,0,0,0,0,0,0,0,0,0,0,0,0,0
2012-03-01,62099.8,14243.0,3271972.0,89222458.0,103633218.0,1488476432.0,2654344595.0,15406.6,7795.0,2411827.0,34728869.0,222746.0,14523832.7,85944789.0,2772413.0,703610385.0,1447473762.0,46693.2,6448.0,860145.0,54493589.0,17688429.0,784866047.0,1206870833.0,0.8660254037844386,0.5000000000000001,31,0,0,0,0,0,0,0,0,0,0,0,0,0,0,0,0,0,0,0,0,0,0,0,0
2012-04-01,62058.78,14252.0,3162523.0,87479316.0,98874450.0,1473027402.0,2602722716.0,15513.38,7810.0,2325345.0,33500096.0,219430.0,14236031.27,81636384.0,2721213.0,667712730.0,1366974490.0,46545.4,6442.0,837178.0,53979220.0,17238066.0,805314672.0,1235748226.0,1.0,6.123233995736766e-17,30,0,0,0,0,0,0,0,0,0,0,0,0,0,0,0,0,0,0,0,0,0,0,0,0
2012-05-01,62140.88,14331.0,3293680.0,89653918.0,104750202.0,1500937688.0,2666291442.0,15964.18,7902.0,2442121.0,35145053.0,230659.0,15516726.42,87205419.0,2813078.0,708821679.0,1452362007.0,46176.7,6429.0,851559.0,54508865.0,17544783.0,792116009.0,1213929435.0,0.8660254037844387,-0.4999999999999998,31,0,0,0,0,0,0,0,0,0,0,0,0,0,0,0,0,0,0,0,0,0,0,0,0
2012-06-01,61862.58,14472.0,3130838.0,85937392.0,95372983.0,1394238246.0,2474448738.0,16005.88,8055.0,2333834.0,33725804.0,225548.0,15132417.8,79426134.0,2647538.0,653447280.0,1339377910.0,45856.7,6417.0,797004.0,52211588.0,15946849.0,740790966.0,1135070828.0,0.49999999999999994,-0.8660254037844387,30,0,0,0,0,0,0,0,0,0,0,0,0,0,0,0,0,0,0,0,0,0,0,0,0
2012-07-01,61851.68,14648.0,3260363.0,90317244.0,96151207.0,1468743706.0,2591313061.0,16500.48,8315.0,2437214.0,35550497.0,235065.0,16213906.74,80461052.0,2595518.0,644097366.0,1365080363.0,45351.2,6333.0,823149.0,54766747.0,15690155.0,824646340.0,1226232698.0,1.2246467991473532e-16,-1.0,31,0,0,0,0,0,0,0,0,0,0,0,0,0,0,0,0,0,0,0,0,0,0,0,0
2012-08-01,61507.38,14639.0,3212706.0,87715976.0,95822189.0,1437496160.0,2551727946.0,16789.08,8288.0,2418703.0,35400899.0,234501.0,15960037.08,80624096.0,2600777.0,646717671.0,1368563446.0,44718.3,6351.0,794003.0,52315077.0,15198093.0,790778489.0,1183164500.0,-0.4999999999999997,-0.8660254037844388,31,0,0,0,0,0,0,0,0,0,0,0,0,0,0,0,0,0,0,0,0,0,0,0,0
2012-09-01,61717.83,14656.0,3187189.0,87319055.0,100994659.0,1503135612.0,2643208633.0,16877.63,8314.0,2390127.0,34968150.0,234878.0,15539462.51,84796702.0,2826557.0,710102180.0,1435193560.0,44840.2,6342.0,797062.0,52350905.0,16197957.0,793033432.0,1208015073.0,-0.8660254037844385,-0.5000000000000004,30,0,0,0,0,0,0,0,0,0,0,0,0,0,0,0,0,0,0,0,0,0,0,0,0
2012-10-01,61852.0,14667.0,3321607.0,89986789.0,106656082.0,1533509243.0,2718030249.0,17272.83,8379.0,2501594.0,36686992.0,249089.0,15610948.17,89842603.0,2898148.0,751719529.0,1519944117.0,44579.17,6288.0,820013.0,53299797.0,16813479.0,781789714.0,1198086132.0,-1.0,-1.8369701987210297e-16,31,0,0,0,0,0,0,0,0,0,0,0,0,0,0,0,0,0,0,0,0,0,0,0,0
2012-11-01,62049.85,14616.0,3226326.0,87045811.0,102488376.0,1470382384.0,2597586735.0,17380.38,8323.0,2431410.0,35682393.0,237869.0,14829795.64,86533087.0,2884436.0,727086883.0,1460900241.0,44669.47,6293.0,794916.0,51363418.0,15955289.0,743295501.0,1136686494.0,-0.8660254037844386,0.5000000000000001,30,0,0,0,0,0,0,0,0,0,0,0,0,0,0,0,0,0,0,0,0,0,0,0,0
2012-12-01,62231.75,14792.0,3322097.0,90264203.0,106233307.0,1529451822.0,2719533753.0,18491.88,8507.0,2512635.0,37082964.0,248593.0,15150795.01,89794446.0,2896595.0,756944664.0,1518005267.0,43739.87,6285.0,809462.0,53181239.0,16438861.0,772507158.0,1201528486.0,-0.5000000000000004,0.8660254037844384,31,0,0,0,0,0,0,0,0,0,0,0,0,0,0,0,0,0,0,0,0,0,0,0,0
2013-01-01,61963.3,14645.0,3348762.0,89421976.0,101199992.0,1463673266.0,2567390380.0,19389.53,8671.0,2580143.0,37987215.0,250978.0,15073877.99,86606958.0,2793773.0,735650553.0,1476365978.0,42573.77,5974.0,768619.0,51434761.0,14593034.0,728022713.0,1091024402.0,0.0,1.0,31,0,0,0,0,0,0,0,0,0,0,0,0,0,0,0,0,0,0,0,0,0,0,0,0
2013-02-01,62026.67,14614.0,2910476.0,78917381.0,85154770.0,1335171747.0,2329442000.0,19652.96,8709.0,2232328.0,31890107.0,217754.0,12781648.6,72123912.0,2575854.0,617448282.0,1232556572.0,42373.71,5905.0,678148.0,47027274.0,13030858.0,717723465.0,1096885428.0,0.49999999999999994,0.8660254037844387,28,0,0,0,0,0,0,0,0,0,0,0,0,0,0,0,0,0,0,0,0,0,0,0,0
2013-03-01,62275.32,14695.0,3322444.0,88975854.0,106935271.0,1538040640.0,2727825943.0,19718.71,8783.0,2567019.0,37889808.0,253868.0,15479357.15,91527392.0,2952497.0,769873869.0,1545784367.0,42556.61,5912.0,755425.0,51086046.0,15407879.0,768166771.0,1182041576.0,0.8660254037844386,0.5000000000000001,31,0,0,0,0,0,0,0,0,0,0,0,0,0,0,0,0,0,0,0,0,0,0,0,0
2013-04-01,62393.17,14703.0,3276190.0,86075579.0,101134316.0,1455674086.0,2587617131.0,19834.11,8807.0,2544692.0,36578607.0,247336.0,15087993.67,86526494.0,2884216.0,723619809.0,1469480352.0,42559.06,5896.0,731498.0,49496972.0,14607822.0,732054277.0,1118136779.0,1.0,6.123233995736766e-17,30,0,0,0,0,0,0,0,0,0,0,0,0,0,0,0,0,0,0,0,0,0,0,0,0
2013-05-01,62461.08,14717.0,3408077.0,89460399.0,107099434.0,1527822146.0,2708324007.0,19901.71,8809.0,2650866.0,38028660.0,257171.0,16655941.44,91993025.0,2967517.0,775442377.0,1565491659.0,42559.37,5908.0,757211.0,51431739.0,15106409.0,752379769.0,1142832348.0,0.8660254037844387,-0.4999999999999998,31,0,0,0,0,0,0,0,0,0,0,0,0,0,0,0,0,0,0,0,0,0,0,0,0
2013-06-01,62390.52,14765.0,3268345.0,86869541.0,99314669.0,1470757565.0,2580728179.0,19904.76,8817.0,2540062.0,36841711.0,246420.0,16719940.17,84939640.0,2831321.0,722210375.0,1445824612.0,42485.76,5948.0,728283.0,50027830.0,14375029.0,748547190.0,1134903567.0,0.49999999999999994,-0.8660254037844387,30,0,0,0,0,0,0,0,0,0,0,0,0,0,0,0,0,0,0,0,0,0,0,0,0
2013-07-01,61950.64,14792.0,3362678.0,88512565.0,97619565.0,1476282131.0,2564859906.0,19776.48,8861.0,2632962.0,38079477.0,251703.0,17211788.53,83836730.0,2704411.0,714731776.0,1431043742.0,42174.16,5931.0,729716.0,50433088.0,13782835.0,761550355.0,1133816164.0,1.2246467991473532e-16,-1.0,31,0,0,0,0,0,0,0,0,0,0,0,0,0,0,0,0,0,0,0,0,0,0,0,0
2013-08-01,62777.64,14841.0,3367638.0,89826333.0,96554771.0,1500722157.0,2616223954.0,20220.93,8900.0,2624723.0,38347176.0,252612.0,17126996.64,82659843.0,2666447.0,711567165.0,1430976846.0,42556.71,5941.0,742915.0,51479157.0,13894928.0,789154992.0,1185247108.0,-0.4999999999999997,-0.8660254037844388,31,0,0,0,0,0,0,0,0,0,0,0,0,0,0,0,0,0,0,0,0,0,0,0,0
2013-09-01,62980.59,14808.0,3311643.0,88318417.0,100824746.0,1496571641.0,2642219963.0,21981.88,8927.0,2586247.0,38116823.0,250955.0,16665914.89,86524349.0,2884145.0,739784463.0,1488535902.0,40998.71,5881.0,725396.0,50201594.0,14300397.0,756787178.0,1153684061.0,-0.8660254037844385,-0.5000000000000004,30,0,0,0,0,0,0,0,0,0,0,0,0,0,0,0,0,0,0,0,0,0,0,0,0
2013-10-01,63034.0,14861.0,3462463.0,91149223.0,108873315.0,1553492935.0,2765000887.0,22065.43,8948.0,2715873.0,40034730.0,263243.0,16721582.87,93825807.0,3026639.0,803394932.0,1611530096.0,40968.57,5913.0,746590.0,51114493.0,15047508.0,750098003.0,1153470791.0,-1.0,-1.8369701987210297e-16,31,0,0,0,0,0,0,0,0,0,0,0,0,0,0,0,0,0,0,0,0,0,0,0,0
2013-11-01,63107.75,14922.0,3345239.0,89073075.0,105977994.0,1535727026.0,2689766473.0,22071.23,8964.0,2615359.0,38645558.0,254674.0,15937501.83,91313173.0,3043772.0,786967283.0,1552185257.0,41036.52,5958.0,729880.0,50427517.0,14664821.0,748759743.0,1137581216.0,-0.8660254037844386,0.5000000000000001,30,0,0,0,0,0,0,0,0,0,0,0,0,0,0,0,0,0,0,0,0,0,0,0,0
2013-12-01,63304.33,15266.0,3482185.0,92563750.0,108952225.0,1573594462.0,2773760967.0,22253.59,9313.0,2725433.0,40108010.0,267208.0,16099909.65,93966054.0,3031163.0,803698484.0,1598262050.0,41050.74,5953.0,756752.0,52455740.0,14986171.0,769895978.0,1175498917.0,-0.5000000000000004,0.8660254037844384,31,0,0,0,0,0,0,0,0,0,0,0,0,0,0,0,0,0,0,0,0,0,0,0,0
2014-01-01,63048.13,15021.0,3383209.0,92353863.0,99915953.0,1490605236.0,2667908137.0,22341.69,9049.0,2636476.0,39458510.0,257763.0,15690749.74,85908734.0,2771249.0,747304460.0,1515243399.0,40706.44,5972.0,746733.0,52895353.0,14007219.0,743300776.0,1152664738.0,0.0,1.0,31,0,0,0,0,0,0,0,0,0,0,0,0,0,0,0,0,0,0,0,0,0,0,0,0
2014-02-01,63452.03,15047.0,2994882.0,81733257.0,90803383.0,1405235824.0,2453146666.0,22488.14,9050.0,2324559.0,34296081.0,226883.0,13824845.77,77619914.0,2772140.0,676773693.0,1344655468.0,40963.89,5997.0,670323.0,47437176.0,13183469.0,728462131.0,1108491198.0,0.49999999999999994,0.8660254037844387,28,0,0,0,0,0,0,0,0,0,0,0,0,0,0,0,0,0,0,0,0,0,0,0,0
2014-03-01,63526.68,15045.0,3411542.0,90963662.0,107085119.0,1575863050.0,2769706494.0,22632.99,9128.0,2662897.0,39438511.0,262338.0,16222585.72,92175776.0,2973412.0,796141541.0,1583842011.0,40893.69,5917.0,748645.0,51525151.0,14909343.0,779721509.0,1185864483.0,0.8660254037844386,0.5000000000000001,31,0,0,0,0,0,0,0,0,0,0,0,0,0,0,0,0,0,0,0,0,0,0,0,0
2014-04-01,63381.7,15024.0,3336279.0,88526722.0,103424614.0,1524866533.0,2645273842.0,22659.67,9178.0,2610625.0,38615890.0,254046.0,16150100.54,88818558.0,2960619.0,770237805.0,1509589186.0,40722.03,5846.0,725654.0,49910832.0,14606056.0,754628728.0,1135684656.0,1.0,6.123233995736766e-17,30,0,0,0,0,0,0,0,0,0,0,0,0,0,0,0,0,0,0,0,0,0,0,0,0
2014-05-01,63366.25,15204.0,3453564.0,92555133.0,108197841.0,1582439641.0,2766664329.0,22602.27,9337.0,2698398.0,40076788.0,263432.0,17367558.08,93323271.0,3010428.0,806492762.0,1579546165.0,40763.98,5867.0,755166.0,52478345.0,14874570.0,775946879.0,1187118164.0,0.8660254037844387,-0.4999999999999998,31,0,0,0,0,0,0,0,0,0,0,0,0,0,0,0,0,0,0,0,0,0,0,0,0
2014-06-01,63383.01,15131.0,3338634.0,88919662.0,100952603.0,1508406333.0,2588906195.0,22715.33,9240.0,2616375.0,38695596.0,251523.0,16985483.09,86715594.0,2890520.0,759242297.0,1472481912.0,40667.68,5891.0,722259.0,50224066.0,14237009.0,749164036.0,1116424283.0,0.49999999999999994,-0.8660254037844387,30,0,0,0,0,0,0,0,0,0,0,0,0,0,0,0,0,0,0,0,0,0,0,0,0
2014-07-01,63116.99,15120.0,3388489.0,91069480.0,98768557.0,1527416792.0,2635143370.0,22638.51,9275.0,2662642.0,39574690.0,255004.0,17873113.89,85153212.0,2746878.0,747503202.0,1451299078.0,40478.48,5845.0,725847.0,51494790.0,13615345.0,779913590.0,1183844292.0,1.2246467991473532e-16,-1.0,31,0,0,0,0,0,0,0,0,0,0,0,0,0,0,0,0,0,0,0,0,0,0,0,0
2014-08-01,63267.4,15073.0,3462435.0,93383882.0,101469690.0,1584312802.0,2763636151.0,22709.92,9262.0,2714800.0,40479671.0,259474.0,17973517.24,87216272.0,2813428.0,767815806.0,1494537036.0,40557.48,5811.0,747635.0,52904211.0,14253418.0,816496996.0,1269099115.0,-0.4999999999999997,-0.8660254037844388,31,0,0,0,0,0,0,0,0,0,0,0,0,0,0,0,0,0,0,0,0,0,0,0,0
2014-09-01,64138.61,15125.0,3359090.0,89531516.0,103225007.0,1516924577.0,2679155659.0,23224.67,9310.0,2632650.0,39189060.0,311173.0,17842498.57,89039337.0,2967978.0,782661709.0,1517063851.0,40913.94,5815.0,726440.0,50342456.0,14185670.0,734262868.0,1162091808.0,-0.8660254037844385,-0.5000000000000004,30,0,0,0,0,0,0,0,0,0,0,0,0,0,0,0,0,0,0,0,0,0,0,0,0
2014-10-01,64231.7,15238.0,3569264.0,93583613.0,110338861.0,1586705564.0,2804537013.0,23281.38,9444.0,2807939.0,40993083.0,333224.0,17542081.08,95386780.0,3076993.0,833778099.0,1621222717.0,40950.32,5794.0,761325.0,52590530.0,14952081.0,752927465.0,1183314296.0,-1.0,-1.8369701987210297e-16,31,0,0,0,0,0,0,0,0,0,0,0,0,0,0,0,0,0,0,0,0,0,0,0,0
2014-11-01,64295.0,15166.0,3365394.0,90039712.0,104718644.0,1521519361.0,2677571092.0,23392.18,9382.0,2629483.0,39312141.0,257028.0,16606982.73,90404083.0,3013469.0,797001739.0,1531824700.0,40902.82,5784.0,735911.0,50727571.0,14314561.0,724517622.0,1145746392.0,-0.8660254037844386,0.5000000000000001,30,0,0,0,0,0,0,0,0,0,0,0,0,0,0,0,0,0,0,0,0,0,0,0,0
2014-12-01,64409.55,15240.0,3527394.0,93197837.0,109896264.0,1560182879.0,2773653352.0,23472.18,9452.0,2762558.0,41252462.0,267733.0,16971131.43,95134179.0,3068844.0,841356811.0,1614837277.0,40937.37,5788.0,764836.0,51945375.0,14762085.0,718826068.0,1158816075.0,-0.5000000000000004,0.8660254037844384,31,0,0,0,0,0,0,0,0,0,0,0,0,0,0,0,0,0,0,0,0,0,0,0,0
2015-01-01,64567.83,15245.0,3467973.0,92675962.0,102254382.0,1479143471.0,2648793696.0,23626.66,9445.0,2713980.0,40729986.0,265471.0,16585249.6,88171568.0,2844244.0,764742965.0,1523456450.0,40941.17,5800.0,753993.0,51945976.0,14082814.0,714400506.0,1125337246.0,0.0,1.0,31,0,0,0,0,0,0,0,0,0,0,0,0,0,0,0,0,0,0,0,0,0,0,0,0
2015-02-01,64574.6,15324.0,2989458.0,82577072.0,84091389.0,1323832802.0,2366110563.0,23635.94,9535.0,2317562.0,34802574.0,233739.0,13869428.25,71821265.0,2565045.0,628630207.0,1270928422.0,40938.66,5789.0,671896.0,47774498.0,12270124.0,695202595.0,1095182141.0,0.49999999999999994,0.8660254037844387,28,0,0,0,0,0,0,0,0,0,0,0,0,0,0,0,0,0,0,0,0,0,0,0,0
2015-03-01,64560.39,15163.0,3366749.0,90982181.0,107971281.0,1516287455.0,2742944474.0,23675.18,9417.0,2623493.0,40308327.0,266662.0,16643012.94,93433736.0,3013991.0,804870409.0,1606017505.0,40885.21,5746.0,743256.0,50673854.0,14537545.0,711417046.0,1136926969.0,0.8660254037844386,0.5000000000000001,31,0,0,0,0,0,0,0,0,0,0,0,0,0,0,0,0,0,0,0,0,0,0,0,0
2015-04-01,64393.79,15169.0,3298079.0,88313267.0,101705953.0,1467808747.0,2638883422.0,23554.78,9422.0,2576764.0,38731275.0,259217.0,16928308.7,87617420.0,2920581.0,754083433.0,1518984906.0,40839.01,5747.0,721315.0,49581992.0,14088533.0,713725314.0,1119898516.0,1.0,6.123233995736766e-17,30,0,0,0,0,0,0,0,0,0,0,0,0,0,0,0,0,0,0,0,0,0,0,0,0
2015-05-01,64077.0,15174.0,3416292.0,91392216.0,105812549.0,1515148353.0,2749172518.0,23258.73,9453.0,2670647.0,40121710.0,270141.0,17388729.19,91319151.0,2945779.0,786991468.0,1585320768.0,40818.27,5721.0,745645.0,51270506.0,14493398.0,728156885.0,1163851750.0,0.8660254037844387,-0.4999999999999998,31,0,0,0,0,0,0,0,0,0,0,0,0,0,0,0,0,0,0,0,0,0,0,0,0
2015-06-01,63944.2,15207.0,3315343.0,88425626.0,100188408.0,1433095943.0,2616262504.0,23422.68,9469.0,2594061.0,39064050.0,258527.0,17654876.99,86333148.0,2877772.0,743202116.0,1507631508.0,40521.52,5738.0,721282.0,49361576.0,13855260.0,689893827.0,1108630996.0,0.49999999999999994,-0.8660254037844387,30,0,0,0,0,0,0,0,0,0,0,0,0,0,0,0,0,0,0,0,0,0,0,0,0
2015-07-01,63452.27,15232.0,3328119.0,90644785.0,97893061.0,1447185908.0,2618275801.0,23506.92,9478.0,2597630.0,40100007.0,263491.0,17928834.57,84361286.0,2721332.0,729063626.0,1476014272.0,39945.35,5754.0,730489.0,50544778.0,13531775.0,718122282.0,1142261529.0,1.2246467991473532e-16,-1.0,31,0,0,0,0,0,0,0,0,0,0,0,0,0,0,0,0,0,0,0,0,0,0,0,0
2015-08-01,64088.62,15151.0,3283966.0,89834765.0,95318164.0,1427329959.0,2587343561.0,23619.82,9411.0,2556861.0,39549696.0,259269.0,17400492.62,81946600.0,2643439.0,704953985.0,1441876516.0,40468.8,5740.0,727105.0,50285069.0,13371564.0,722375974.0,1145467045.0,-0.4999999999999997,-0.8660254037844388,31,0,0,0,0,0,0,0,0,0,0,0,0,0,0,0,0,0,0,0,0,0,0,0,0
2015-09-01,64163.35,15129.0,3202944.0,87568687.0,99807374.0,1431254418.0,2621270444.0,23687.55,9388.0,2490466.0,38566307.0,256684.0,17011329.56,85731143.0,2857705.0,734038002.0,1495949725.0,40475.8,5741.0,712478.0,49002380.0,14076231.0,697216416.0,1125320719.0,-0.8660254037844385,-0.5000000000000004,30,0,0,0,0,0,0,0,0,0,0,0,0,0,0,0,0,0,0,0,0,0,0,0,0
2015-10-01,64258.4,15198.0,3404195.0,92395129.0,107892616.0,1520170799.0,2778780298.0,23706.6,9468.0,2648403.0,40983552.0,268236.0,17997393.17,93117258.0,3003783.0,798500169.0,1626685687.0,40551.8,5730.0,755792.0,51411577.0,14775358.0,721670630.0,1152094611.0,-1.0,-1.8369701987210297e-16,31,0,0,0,0,0,0,0,0,0,0,0,0,0,0,0,0,0,0,0,0,0,0,0,0
2015-11-01,64261.02,15208.0,3380526.0,89768652.0,104462002.0,1479866299.0,2698783389.0,23723.27,9497.0,2649379.0,39965584.0,264243.0,16935702.38,89929445.0,2997648.0,773461524.0,1573317998.0,40537.75,5711.0,731147.0,49803068.0,14532557.0,706404775.0,1125465391.0,-0.8660254037844386,0.5000000000000001,30,0,0,0,0,0,0,0,0,0,0,0,0,0,0,0,0,0,0,0,0,0,0,0,0
2015-12-01,64578.93,15272.0,3538419.0,93399514.0,109781087.0,1524148203.0,2776967000.0,24018.68,9561.0,2778562.0,41962733.0,273615.0,17108191.36,94773213.0,3057200.0,814778350.0,1614118311.0,40560.25,5711.0,759857.0,51436781.0,15007874.0,709369853.0,1162848689.0,-0.5000000000000004,0.8660254037844384,31,0,0,0,0,0,0,0,0,0,0,0,0,0,0,0,0,0,0,0,0,0,0,0,0
2016-01-01,64905.17,15233.0,3418626.0,92594752.0,100377639.0,1417175929.0,2593218598.0,24339.25,9532.0,2667477.0,41407992.0,298457.0,16581264.5,86594421.0,2793368.0,737502108.0,1489481870.0,40565.92,5701.0,751149.0,51186760.0,13783218.0,679673821.0,1103736728.0,0.0,1.0,31,0,0,0,0,0,0,0,0,0,0,0,0,0,0,0,0,0,0,0,0,0,0,0,0
2016-02-01,65045.02,15242.0,3112077.0,85318724.0,88170032.0,1337013477.0,2405482746.0,24462.1,9534.0,2424719.0,37195475.0,242849.0,14273615.42,75159780.0,2591717.0,648136403.0,1309250436.0,40582.92,5708.0,687358.0,48123249.0,13010252.0,688877074.0,1096232310.0,0.49999999999999994,0.8660254037844387,29,0,0,0,0,0,0,0,0,0,0,0,0,0,0,0,0,0,0,0,0,0,0,0,0
2016-03-01,65132.3,15270.0,3374048.0,91151336.0,107283806.0,1458426181.0,2671426251.0,24517.02,9564.0,2624425.0,40924198.0,272044.0,16817143.26,92769209.0,2992555.0,787604967.0,1587911158.0,40615.28,5706.0,749623.0,50227138.0,14514597.0,670821214.0,1083515093.0,0.8660254037844386,0.5000000000000001,31,0,0,0,0,0,0,0,0,0,0,0,0,0,0,0,0,0,0,0,0,0,0,0,0
2016-04-01,65175.1,15312.0,3236496.0,89368023.0,101166953.0,1448455040.0,2633413508.0,24604.57,9601.0,2504564.0,39478492.0,262638.0,16782370.41,86789929.0,2892998.0,737132551.0,1519449532.0,40570.53,5711.0,731932.0,49889531.0,14377024.0,711322489.0,1113963976.0,1.0,6.123233995736766e-17,30,0,0,0,0,0,0,0,0,0,0,0,0,0,0,0,0,0,0,0,0,0,0,0,0
2016-05-01,65084.68,15320.0,3382183.0,92194645.0,106992778.0,1507841709.0,2762191236.0,24681.72,9609.0,2624559.0,41254545.0,274725.0,18237761.94,92005901.0,2967932.0,778275598.0,1620253023.0,40402.96,5711.0,757624.0,50940100.0,14986877.0,729566111.0,1141938213.0,0.8660254037844387,-0.4999999999999998,31,0,0,0,0,0,0,0,0,0,0,0,0,0,0,0,0,0,0,0,0,0,0,0,0
2016-06-01,65171.63,15372.0,3280776.0,89284682.0,99461578.0,1416663571.0,2586839473.0,24764.77,9638.0,2548431.0,40030270.0,262855.0,18170996.63,85534659.0,2851155.0,727540258.0,1512998643.0,40406.86,5734.0,732345.0,49254412.0,13926919.0,689123313.0,1073840830.0,0.49999999999999994,-0.8660254037844387,30,0,0,0,0,0,0,0,0,0,0,0,0,0,0,0,0,0,0,0,0,0,0,0,0
2016-07-01,64602.55,15369.0,3301427.0,90603436.0,95893394.0,1432303660.0,2602965613.0,24451.34,9645.0,2572318.0,40599504.0,265063.0,18521133.71,82237958.0,2652837.0,705702386.0,1480316612.0,40151.21,5724.0,729109.0,50003932.0,13655436.0,726601274.0,1122649001.0,1.2246467991473532e-16,-1.0,31,0,0,0,0,0,0,0,0,0,0,0,0,0,0,0,0,0,0,0,0,0,0,0,0
2016-08-01,65377.6,15402.0,3396244.0,92247285.0,101602830.0,1481521541.0,2710425865.0,24998.99,9662.0,2646123.0,41655759.0,278936.0,18830231.64,87352995.0,2817839.0,752801935.0,1561465412.0,40378.61,5740.0,750121.0,50591526.0,14249835.0,728719606.0,1148960453.0,-0.4999999999999997,-0.8660254037844388,31,0,0,0,0,0,0,0,0,0,0,0,0,0,0,0,0,0,0,0,0,0,0,0,0
2016-09-01,65055.51,15416.0,3129552.0,85495849.0,96056525.0,1365410728.0,2498687817.0,25184.65,9681.0,2435796.0,38279374.0,259213.0,16884448.56,82494309.0,2749810.0,705765408.0,1461346424.0,39870.86,5735.0,693756.0,47216475.0,13562216.0,659645320.0,1037341393.0,-0.8660254037844385,-0.5000000000000004,30,0,0,0,0,0,0,0,0,0,0,0,0,0,0,0,0,0,0,0,0,0,0,0,0
2016-10-01,65068.31,15363.0,3390215.0,92392126.0,106457762.0,1503190248.0,2757123642.0,25150.3,9678.0,2633707.0,41340073.0,274680.0,18298301.09,91677907.0,2957352.0,786044342.0,1620740801.0,39918.01,5685.0,756508.0,51052053.0,14779855.0,717145906.0,1136382841.0,-1.0,-1.8369701987210297e-16,31,0,0,0,0,0,0,0,0,0,0,0,0,0,0,0,0,0,0,0,0,0,0,0,0
2016-11-01,65239.51,15358.0,3316990.0,89093676.0,108555777.0,1455129545.0,2610739192.0,25260.6,9682.0,2587247.0,40641575.0,267769.0,17113061.92,94128823.0,3137627.0,786407124.0,1547289907.0,39978.91,5676.0,729743.0,48452101.0,14426954.0,668722421.0,1063449285.0,-0.8660254037844386,0.5000000000000001,30,0,0,0,0,0,0,0,0,0,0,0,0,0,0,0,0,0,0,0,0,0,0,0,0
2016-12-01,65321.2,15279.0,3421919.0,92910648.0,113322597.0,1555539149.0,2723077265.0,27285.14,9947.0,2734699.0,43024808.0,285313.0,17593170.32,100157809.0,3230897.0,835340377.0,1586166962.0,38036.06,5332.0,687220.0,49885840.0,13164788.0,720198772.0,1136910303.0,-0.5000000000000004,0.8660254037844384,31,0,0,0,0,0,0,0,0,0,0,0,0,0,0,0,0,0,0,0,0,0,0,0,0
2017-01-01,65514.66,15290.0,3233764.0,90131166.0,100410763.0,1431793877.0,2611397134.0,27465.5,9964.0,2568857.0,40909717.0,276834.0,16111056.8,88468215.0,2853813.0,754105181.0,1560866371.0,38049.16,5326.0,664907.0,49221449.0,11942548.0,677688696.0,1050530763.0,0.0,1.0,31,0,0,0,0,0,0,0,0,0,0,0,0,0,0,0,0,0,0,0,0,0,0,0,0
2017-02-01,65617.16,15343.0,2967982.0,81963531.0,93985451.0,1329371892.0,2452658888.0,27584.5,10006.0,2364210.0,37561098.0,268494.0,43636036.4,82714021.0,2954072.0,693976681.0,1459734320.0,38032.66,5337.0,603772.0,44402433.0,11271430.0,635395211.0,992924568.0,0.49999999999999994,0.8660254037844387,28,0,0,0,0,0,0,0,0,0,0,0,0,0,0,0,0,0,0,0,0,0,0,0,0
2017-03-01,65100.83,15505.0,3379588.0,91022862.0,111303512.0,1468795477.0,2802010138.0,27801.9,10119.0,2706395.0,42417114.0,307314.0,17441189.7,98924047.0,3191098.0,824828469.0,1727013054.0,37298.93,5386.0,673193.0,48605748.0,12379465.0,643967008.0,1074997084.0,0.8660254037844386,0.5000000000000001,31,0,0,0,0,0,0,0,0,0,0,0,0,0,0,0,0,0,0,0,0,0,0,0,0
2017-04-01,65069.78,15509.0,3190766.0,87858449.0,101355033.0,1431261421.0,2715437863.0,27912.7,10137.0,2544064.0,40132129.0,290043.0,16657723.2,89352769.0,2978426.0,771713712.0,1628238356.0,37157.08,5372.0,646702.0,47726320.0,12002264.0,659547709.0,1087199507.0,1.0,6.123233995736766e-17,30,0,0,0,0,0,0,0,0,0,0,0,0,0,0,0,0,0,0,0,0,0,0,0,0
2017-05-01,65214.73,15545.0,3346305.0,91656107.0,105896523.0,1490991410.0,2830904383.0,27997.4,10164.0,2676193.0,42250075.0,299735.0,18003172.0,93526242.0,3016976.0,808491427.0,1703611536.0,37217.33,5381.0,670112.0,49406032.0,12370281.0,682499983.0,1127292847.0,0.8660254037844387,-0.4999999999999998,31,0,0,0,0,0,0,0,0,0,0,0,0,0,0,0,0,0,0,0,0,0,0,0,0
2017-06-01,65305.56,15574.0,3248765.0,87141120.0,101113545.0,1350671623.0,2579892044.0,28190.1,10153.0,2609014.0,41266093.0,297113.0,17915711.4,89962044.0,2998735.0,771926601.0,1620661434.0,37115.46,5421.0,639751.0,45875027.0,11151501.0,578745022.0,959230610.0,0.49999999999999994,-0.8660254037844387,30,0,0,0,0,0,0,0,0,0,0,0,0,0,0,0,0,0,0,0,0,0,0,0,0
2017-07-01,64838.69,15621.0,3281280.0,88308969.0,96480866.0,1378635078.0,2588714639.0,28022.6,10199.0,2639451.0,41416702.0,290234.0,18492668.8,85233392.0,2749464.0,737752020.0,1534255363.0,36816.09,5422.0,641829.0,46892267.0,11247474.0,640883058.0,1054459276.0,1.2246467991473532e-16,-1.0,31,0,0,0,0,0,0,0,0,0,0,0,0,0,0,0,0,0,0,0,0,0,0,0,0
2017-08-01,65569.97,15680.0,3352492.0,90524658.0,100789098.0,1442158458.0,2693659186.0,28431.2,10261.0,2692565.0,42512116.0,291393.0,19297036.6,88928249.0,2868653.0,770888076.0,1589398996.0,37138.77,5419.0,659927.0,48012542.0,11860849.0,671270382.0,1104260190.0,-0.4999999999999997,-0.8660254037844388,31,0,0,0,0,0,0,0,0,0,0,0,0,0,0,0,0,0,0,0,0,0,0,0,0
2017-09-01,66113.07,15680.0,3301046.0,88204742.0,102988930.0,1380057677.0,2610589944.0,28954.3,10273.0,2660271.0,41968376.0,300297.0,19004722.3,91392663.0,3046422.0,778008748.0,1604087708.0,37158.77,5407.0,640775.0,46236366.0,11596267.0,602048929.0,1006502236.0,-0.8660254037844385,-0.5000000000000004,30,0,0,0,0,0,0,0,0,0,0,0,0,0,0,0,0,0,0,0,0,0,0,0,0
2017-10-01,66158.87,15633.0,3343953.0,90229107.0,104580054.0,1446384667.0,2678723690.0,29015.6,10230.0,2688904.0,42331657.0,305869.0,18224141.3,92568054.0,2986066.0,790558966.0,1625180228.0,37143.27,5403.0,655049.0,47897450.0,12012000.0,655825701.0,1053543462.0,-1.0,-1.8369701987210297e-16,31,0,0,0,0,0,0,0,0,0,0,0,0,0,0,0,0,0,0,0,0,0,0,0,0
2017-11-01,66121.09,15625.0,3278243.0,87236113.0,105981429.0,1406770536.0,2611680086.0,29031.9,10214.0,2648257.0,41853458.0,304039.0,17301250.4,94283034.0,3142768.0,804724576.0,1643452512.0,37089.19,5411.0,629986.0,45382655.0,11698395.0,602045960.0,968227574.0,-0.8660254037844386,0.5000000000000001,30,0,0,0,0,0,0,0,0,0,0,0,0,0,0,0,0,0,0,0,0,0,0,0,0
2017-12-01,65991.29,15644.0,3353728.0,90959146.0,110180832.0,1496571768.0,2748917953.0,29030.0,10284.0,2698319.0,42714117.0,326256.0,17977674.4,97808591.0,3155116.0,835276074.0,1674980436.0,36961.29,5360.0,655409.0,48245029.0,12372241.0,661295694.0,1073937517.0,-0.5000000000000004,0.8660254037844384,31,0,0,0,0,0,0,0,0,0,0,0,0,0,0,0,0,0,0,0,0,0,0,0,0
2018-01-01,65733.89,15840.0,3358140.0,90665755.0,104717407.0,1403008198.0,2654400112.0,28837.8,10474.0,2707628.0,43067426.0,308395.0,17686203.5,93240059.0,3007744.0,801855838.0,1681874731.0,36896.09,5366.0,650512.0,47598329.0,11477348.0,601152360.0,972525381.0,0.0,1.0,31,0,0,0,0,0,0,0,0,0,0,0,0,0,0,0,0,0,0,0,0,0,0,0,0
2018-02-01,66182.75,15707.0,2855660.0,79524999.0,88336885.0,1257331279.0,2298797396.0,29219.4,10394.0,2286467.0,36369749.0,255961.0,14812136.0,78570068.0,2806074.0,683567562.0,1374201289.0,36963.35,5313.0,569193.0,43155250.0,9766817.0,573763717.0,924596107.0,0.49999999999999994,0.8660254037844387,28,0,0,0,0,0,0,0,0,0,0,0,0,0,0,0,0,0,0,0,0,0,0,0,0
2018-03-01,66244.8,15610.0,3337141.0,89551152.0,110361962.0,1464685488.0,2815749494.0,29286.0,10291.0,2691028.0,42719404.0,310038.0,17845004.1,98148756.0,3166089.0,842504543.0,1767448983.0,36958.8,5319.0,646113.0,46831748.0,12213206.0,622180945.0,1048300511.0,0.8660254037844386,0.5000000000000001,31,0,0,0,0,0,0,0,0,0,0,0,0,0,0,0,0,0,0,0,0,0,0,0,0
2018-04-01,66301.34,15610.0,3178918.0,86153029.0,101158918.0,1419832240.0,2648726590.0,29461.9,10301.0,2558684.0,40537924.0,301383.0,16415869.4,89488950.0,2982965.0,784362005.0,1615194115.0,36839.44,5309.0,620234.0,45615105.0,11669968.0,635470235.0,1033532475.0,1.0,6.123233995736766e-17,30,0,0,0,0,0,0,0,0,0,0,0,0,0,0,0,0,0,0,0,0,0,0,0,0
2018-05-01,66653.64,15659.0,3360903.0,89386207.0,109712315.0,1476998543.0,2801035524.0,29423.2,10339.0,2721529.0,43127341.0,305682.0,18712479.4,97854583.0,3156599.0,856919825.0,1767046035.0,37230.44,5320.0,639374.0,46258866.0,11857732.0,620078718.0,1033989489.0,0.8660254037844387,-0.4999999999999998,31,0,0,0,0,0,0,0,0,0,0,0,0,0,0,0,0,0,0,0,0,0,0,0,0
2018-06-01,66571.34,15618.0,3218312.0,86958302.0,102038735.0,1398592288.0,2636918549.0,29436.9,10306.0,2600688.0,41296233.0,292599.0,17950536.2,90989006.0,3032967.0,796323632.0,1652459562.0,37134.44,5312.0,617624.0,45662069.0,11049729.0,602268656.0,984458987.0,0.49999999999999994,-0.8660254037844387,30,0,0,0,0,0,0,0,0,0,0,0,0,0,0,0,0,0,0,0,0,0,0,0,0
2018-07-01,65937.82,15814.0,3293237.0,88223734.0,99205676.0,1405726394.0,2689186920.0,29102.6,10505.0,2667599.0,42491562.0,294584.0,18320730.1,88195230.0,2845007.0,786082724.0,1669203886.0,36835.22,5309.0,625638.0,45732172.0,11010446.0,619643670.0,1019983034.0,1.2246467991473532e-16,-1.0,31,0,0,0,0,0,0,0,0,0,0,0,0,0,0,0,0,0,0,0,0,0,0,0,0
2018-08-01,66683.7,15344.0,3277993.0,89106867.0,101177635.0,1434501059.0,2741978639.0,29507.4,10041.0,2646633.0,42702351.0,286270.0,18317304.3,90023469.0,2903983.0,803842353.0,1702023694.0,37176.3,5303.0,631360.0,46404516.0,11154166.0,630658706.0,1039954945.0,-0.4999999999999997,-0.8660254037844388,31,0,0,0,0,0,0,0,0,0,0,0,0,0,0,0,0,0,0,0,0,0,0,0,0
2018-09-01,67032.54,15617.0,3198729.0,86551637.0,102085607.0,1430554062.0,2698200241.0,29868.3,10318.0,2584218.0,41209543.0,293645.0,17631042.3,90903927.0,3030131.0,817958091.0,1699697581.0,37164.24,5299.0,614511.0,45342094.0,11181680.0,612595971.0,998502660.0,-0.8660254037844385,-0.5000000000000004,30,0,0,0,0,0,0,0,0,0,0,0,0,0,0,0,0,0,0,0,0,0,0,0,0
2018-10-01,66934.25,15620.0,3354676.0,88877490.0,111025046.0,1481687298.0,2880889446.0,30268.99,10408.0,2736924.0,43554543.0,311918.0,17960219.81,99450654.0,3208086.0,876606863.0,1882936763.0,36665.26,5212.0,617752.0,45322947.0,11574392.0,605080435.0,997952683.0,-1.0,-1.8369701987210297e-16,31,0,0,0,0,0,0,0,0,0,0,0,0,0,0,0,0,0,0,0,0,0,0,0,0
2018-11-01,69087.79,15727.0,3285824.0,87504743.0,109161203.0,1459543414.0,2840493037.0,32455.3,10520.0,2685190.0,43160581.0,311530.0,18279741.1,97826943.0,3260898.0,852600966.0,1842039681.0,36632.49,5207.0,600634.0,44344162.0,11334260.0,606942448.0,998453356.0,-0.8660254037844386,0.5000000000000001,30,0,0,0,0,0,0,0,0,0,0,0,0,0,0,0,0,0,0,0,0,0,0,0,0
2018-12-01,70017.17,15798.0,3342887.0,89195352.0,110716607.0,1503598752.0,2933265402.0,33575.88,10602.0,2730556.0,43998592.0,320668.0,18209001.2,99084714.0,3196281.0,867994366.0,1862288162.0,36441.29,5196.0,612331.0,45196760.0,11631893.0,635604386.0,1070977240.0,-0.5000000000000004,0.8660254037844384,31,0,0,0,0,0,0,0,0,0,0,0,0,0,0,0,0,0,0,0,0,0,0,0,0
2019-01-01,69693.32,15717.0,3325718.0,88434294.0,105420875.0,1425125648.0,2757038601.0,33471.08,10537.0,2722040.0,44508671.0,323687.0,17543319.0,94419607.0,3045794.0,835517503.0,1771320306.0,36222.24,5180.0,603678.0,43925623.0,11001268.0,589608145.0,985718295.0,0.0,1.0,31,0,0,0,0,0,0,0,0,0,0,0,0,0,0,0,0,0,0,0,0,0,0,0,0
2019-02-01,69729.28,15716.0,2831303.0,77375753.0,87740614.0,1260284152.0,2414321444.0,33529.59,10536.0,2300690.0,37329891.0,272598.0,15003485.2,77881565.0,2781484.0,691038022.0,1469031668.0,36199.69,5180.0,530613.0,40045862.0,9859049.0,569246130.0,945289776.0,0.49999999999999994,0.8660254037844387,28,0,0,0,0,0,0,0,0,0,0,0,0,0,0,0,0,0,0,0,0,0,0,0,0
2019-03-01,70123.98,15708.0,3299646.0,87682022.0,107540549.0,1467812757.0,2807732882.0,33906.4,10536.0,2699369.0,43607179.0,316841.0,18085266.3,96355682.0,3108248.0,861559955.0,1804431617.0,36217.58,5172.0,600277.0,44074843.0,11184867.0,606252802.0,1003301265.0,0.8660254037844386,0.5000000000000001,31,0,0,0,0,0,0,0,0,0,0,0,0,0,0,0,0,0,0,0,0,0,0,0,0
2019-04-01,70046.31,15789.0,3195665.0,85396399.0,104072389.0,1431416182.0,2717922620.0,33968.08,10626.0,2612742.0,42551668.0,310845.0,18127193.38,93056263.0,3101875.0,826864298.0,1731429419.0,36078.23,5163.0,582923.0,42844731.0,11016126.0,604551884.0,986493201.0,1.0,6.123233995736766e-17,30,0,0,0,0,0,0,0,0,0,0,0,0,0,0,0,0,0,0,0,0,0,0,0,0
2019-05-01,70252.57,15798.0,3344028.0,88648561.0,110123798.0,1466960585.0,2838107158.0,34141.58,10619.0,2737916.0,44618400.0,319196.0,18915045.92,98985631.0,3193085.0,876634542.0,1851138551.0,36110.99,5179.0,606112.0,44030161.0,11138167.0,590326043.0,986968607.0,0.8660254037844387,-0.4999999999999998,31,0,0,0,0,0,0,0,0,0,0,0,0,0,0,0,0,0,0,0,0,0,0,0,0
2019-06-01,70392.28,15765.0,3172150.0,84708838.0,100034695.0,1391433460.0,2663330796.0,34287.98,10614.0,2587827.0,41956564.0,292044.0,18782208.09,89488887.0,2982963.0,801196003.0,1692480065.0,36104.3,5151.0,584323.0,42752274.0,10545808.0,590237457.0,970850731.0,0.49999999999999994,-0.8660254037844387,30,0,0,0,0,0,0,0,0,0,0,0,0,0,0,0,0,0,0,0,0,0,0,0,0
2019-07-01,69297.33,15777.0,3298640.0,87323161.0,102316093.0,1417631604.0,2749639191.0,33976.39,10641.0,2703463.0,44226456.0,296553.0,19954439.02,91683633.0,2957537.0,826194362.0,1769425955.0,35320.94,5136.0,595177.0,43096705.0,10632460.0,591437242.0,980213236.0,1.2246467991473532e-16,-1.0,31,0,0,0,0,0,0,0,0,0,0,0,0,0,0,0,0,0,0,0,0,0,0,0,0
2019-08-01,70143.58,15769.0,3240009.0,85595807.0,99393045.0,1395144608.0,2724930646.0,34472.51,10637.0,2652502.0,42714375.0,292506.0,19564093.04,89020203.0,2871619.0,800318886.0,1736757796.0,35671.07,5132.0,587507.0,42881432.0,10372842.0,594825722.0,988172850.0,-0.4999999999999997,-0.8660254037844388,31,0,0,0,0,0,0,0,0,0,0,0,0,0,0,0,0,0,0,0,0,0,0,0,0
2019-09-01,70137.24,15800.0,3146302.0,84051354.0,101464217.0,1391536828.0,2725171754.0,34470.37,10644.0,2573214.0,42128020.0,308821.0,18496029.12,90947779.0,3031593.0,814513454.0,1764107206.0,35666.87,5156.0,573088.0,41923334.0,10516438.0,577023374.0,961064548.0,-0.8660254037844385,-0.5000000000000004,30,0,0,0,0,0,0,0,0,0,0,0,0,0,0,0,0,0,0,0,0,0,0,0,0
2019-10-01,70283.35,15710.0,3322593.0,87180022.0,109330091.0,1462743877.0,2860496082.0,34492.03,10581.0,2723167.0,43867081.0,323492.0,18902510.07,98112146.0,3164908.0,870782513.0,1885132503.0,35791.32,5129.0,599426.0,43312941.0,11217945.0,591961364.0,975363579.0,-1.0,-1.8369701987210297e-16,31,0,0,0,0,0,0,0,0,0,0,0,0,0,0,0,0,0,0,0,0,0,0,0,0
2019-11-01,70675.99,15812.0,3217120.0,83219930.0,105177428.0,1404786216.0,2804363521.0,34927.47,10683.0,2636269.0,41083701.0,318236.0,17672219.7,94389471.0,3146316.0,824456357.0,1826476718.0,35748.52,5129.0,580851.0,42136229.0,10787957.0,580329859.0,977886803.0,-0.8660254037844386,0.5000000000000001,30,0,0,0,0,0,0,0,0,0,0,0,0,0,0,0,0,0,0,0,0,0,0,0,0
2019-12-01,71480.89,16064.0,3381865.0,89752303.0,114329607.0,1549428194.0,3077321771.0,35779.27,10928.0,2783551.0,46057533.0,336001.0,18854954.1,103243752.0,3330444.0,945457086.0,1991770660.0,35701.62,5136.0,598314.0,43694770.0,11085855.0,603971108.0,1085551111.0,-0.5000000000000004,0.8660254037844384,31,0,0,0,0,0,0,0,0,0,0,0,0,0,0,0,0,0,0,0,0,0,0,0,0
2020-01-01,71463.53,15862.0,3167235.0,86674733.0,94272051.0,1365843941.0,2612802502.0,35245.19,10679.0,2582065.0,41706491.0,296819.0,16694730.26,84090847.0,2712608.0,764708392.0,1634040569.0,36218.34,5183.0,585170.0,44968242.0,10181204.0,601135549.0,978761933.0,0.0,1.0,31,0,0,0,0,0,0,0,0,0,0,0,0,0,0,0,0,0,0,0,0,0,0,0,0
2020-02-01,71494.3,15747.0,3034752.0,80413804.0,77495575.0,1077361710.0,2081895358.0,35255.86,10668.0,2502458.0,40934829.0,310268.0,15851638.34,69653973.0,2401861.0,640310568.0,1362391206.0,36238.44,5079.0,532294.0,39478975.0,7841602.0,437051142.0,719504152.0,0.49999999999999994,0.8660254037844387,29,0,0,0,0,0,0,0,0,0,0,0,0,0,0,0,0,0,0,0,0,0,0,0,0
2020-03-01,71393.55,15757.0,3260311.0,82633815.0,86842304.0,1105024845.0,2183790657.0,35150.96,10701.0,2711707.0,44314211.0,321506.0,17905191.67,78856635.0,2543762.0,713926063.0,1533674897.0,36242.59,5056.0,548604.0,38319604.0,7985669.0,391098782.0,650115760.0,0.8660254037844386,0.5000000000000001,31,0,0,0,0,0,0,0,0,0,0,0,0,0,0,0,0,0,0,0,0,0,0,0,0
2020-04-01,71324.3,15773.0,3109993.0,76524084.0,75760946.0,964493643.0,1881973704.0,35172.36,10687.0,2609303.0,42611140.0,316747.0,19394735.81,68818792.0,2293960.0,622572678.0,1328327656.0,36151.94,5086.0,500690.0,33912944.0,6942154.0,341920965.0,553646048.0,1.0,6.123233995736766e-17,30,0,0,0,0,0,0,0,0,0,0,0,0,0,0,0,0,0,0,0,0,0,0,0,0
2020-05-01,71143.24,15761.0,3187800.0,78290805.0,86938138.0,1117020619.0,2191433475.0,35070.19,10678.0,2673251.0,43717525.0,315781.0,19689299.65,78922697.0,2545893.0,713149841.0,1525622181.0,36073.05,5083.0,514549.0,34573280.0,8015441.0,403870778.0,665811294.0,0.8660254037844387,-0.4999999999999998,31,0,0,0,0,0,0,0,0,0,0,0,0,0,0,0,0,0,0,0,0,0,0,0,0
2020-06-01,71614.25,15780.0,3123614.0,76957592.0,88403621.0,1167180413.0,2302296045.0,35558.05,10732.0,2619277.0,42526795.0,308736.0,18898044.04,79973377.0,2665779.0,727113312.0,1543935638.0,36056.2,5048.0,504337.0,34430797.0,8430244.0,440067101.0,758360407.0,0.49999999999999994,-0.8660254037844387,30,0,0,0,0,0,0,0,0,0,0,0,0,0,0,0,0,0,0,0,0,0,0,0,0
2020-07-01,71913.99,15786.0,3246734.0,80365691.0,91537870.0,1221088825.0,2372576090.0,36298.64,10817.0,2730323.0,44647176.0,306351.0,19972242.4,82947376.0,2675722.0,757133521.0,1600038732.0,35615.35,4969.0,516411.0,35718515.0,8590494.0,463955304.0,772537358.0,1.2246467991473532e-16,-1.0,31,0,0,0,0,0,0,0,0,0,0,0,0,0,0,0,0,0,0,0,0,0,0,0,0
2020-08-01,72756.93,15791.0,3198629.0,80380472.0,89738640.0,1230131401.0,2382516206.0,37148.78,10843.0,2683682.0,43863443.0,298929.0,19618351.6,81156967.0,2617967.0,741350228.0,1571515018.0,35608.15,4948.0,514947.0,36517029.0,8581673.0,488781173.0,811001188.0,-0.4999999999999997,-0.8660254037844388,31,0,0,0,0,0,0,0,0,0,0,0,0,0,0,0,0,0,0,0,0,0,0,0,0
2020-09-01,72768.76,15819.0,3163951.0,78296553.0,95302606.0,1229633753.0,2412129433.0,37448.33,10855.0,2662686.0,43368892.0,314107.0,19300396.5,86736263.0,2891209.0,788494008.0,1663883782.0,35320.43,4964.0,501265.0,34927661.0,8566343.0,441139745.0,748245651.0,-0.8660254037844385,-0.5000000000000004,30,0,0,0,0,0,0,0,0,0,0,0,0,0,0,0,0,0,0,0,0,0,0,0,0
2020-10-01,72839.03,15809.0,3178766.0,79853211.0,95937377.0,1272447012.0,2493502184.0,37473.6,10862.0,2667873.0,43494669.0,317961.0,18550298.7,87010116.0,2806778.0,788544167.0,1700727697.0,35365.43,4947.0,510893.0,36358542.0,8927261.0,483902845.0,792774487.0,-1.0,-1.8369701987210297e-16,31,0,0,0,0,0,0,0,0,0,0,0,0,0,0,0,0,0,0,0,0,0,0,0,0
2020-11-01,78291.11,15937.0,3126808.0,77407646.0,95956553.0,1248155323.0,2469034420.0,42917.98,11013.0,2632418.0,42797680.0,316360.0,17615104.3,87295411.0,2909847.0,790600704.0,1709186401.0,35373.13,4924.0,494390.0,34609966.0,8661142.0,457554619.0,759848019.0,-0.8660254037844386,0.5000000000000001,30,0,0,0,0,0,0,0,0,0,0,0,0,0,0,0,0,0,0,0,0,0,0,0,0
2020-12-01,79040.55,15922.0,3255865.0,80413787.0,100614641.0,1307597172.0,2667164687.0,43649.27,11021.0,2741878.0,44502344.0,330165.0,18197371.6,91682541.0,2957501.0,828084644.0,1796573728.0,35391.28,4901.0,513987.0,35911443.0,8932100.0,479512528.0,870590959.0,-0.5000000000000004,0.8660254037844384,31,0,0,0,0,0,0,0,0,0,0,0,0,0,0,0,0,0,0,0,0,0,0,0,0
2021-01-01,79550.93,15808.0,3163163.0,78712799.0,88424018.0,1142791534.0,2254165308.0,44189.63,10915.0,2657767.0,43398764.0,318290.0,17308855.7,80670819.0,2602284.0,733320700.0,1576230965.0,35361.3,4893.0,505396.0,35314035.0,7753199.0,409470834.0,677934343.0,0.0,1.0,31,0,0,0,0,0,0,0,0,0,0,0,0,0,0,0,0,0,0,0,0,0,0,0,0
2021-02-01,79454.01,15832.0,2708559.0,69147933.0,72343773.0,1001520079.0,1947414356.0,44104.96,10944.0,2260998.0,37172316.0,266075.0,14635199.8,65441631.0,2337201.0,601045911.0,1288303808.0,35349.05,4888.0,447561.0,31975617.0,6902142.0,400474168.0,659110548.0,0.49999999999999994,0.8660254037844387,28,0,0,0,0,0,0,0,0,0,0,0,0,0,0,0,0,0,0,0,0,0,0,0,0
2021-03-01,79675.4,15788.0,3170482.0,78629867.0,96000144.0,1235110563.0,2436157327.0,44392.55,10902.0,2662875.0,43254387.0,325499.0,17723576.5,87536418.0,2823755.0,793640175.0,1705622572.0,35282.85,4886.0,507607.0,35375480.0,8463726.0,441470388.0,730534755.0,0.8660254037844386,0.5000000000000001,31,0,0,0,0,0,0,0,0,0,0,0,0,0,0,0,0,0,0,0,0,0,0,0,0
2021-04-01,79954.93,15773.0,3032220.0,76221979.0,90627410.0,1206565076.0,2366832161.0,44826.98,10901.0,2542591.0,41467855.0,313726.0,17240291.1,82256532.0,2741884.0,748979011.0,1621083409.0,35127.95,4872.0,489629.0,34754124.0,8370878.0,457586065.0,745748752.0,1.0,6.123233995736766e-17,30,0,0,0,0,0,0,0,0,0,0,0,0,0,0,0,0,0,0,0,0,0,0,0,0
2021-05-01,79807.37,15684.0,2772142.0,66927810.0,54838355.0,703366456.0,1400641178.0,44680.7,10855.0,2346467.0,38443861.0,296432.0,15953671.8,50030523.0,1613888.0,457471469.0,992646787.0,35126.67,4829.0,425675.0,28483949.0,4807832.0,245894987.0,407994391.0,0.8660254037844387,-0.4999999999999998,31,0,0,0,0,0,0,0,0,0,0,0,0,0,0,0,0,0,0,0,0,0,0,0,0
2021-06-01,75489.08,15557.0,1892320.0,40333451.0,19600346.0,227451667.0,474072378.0,42696.61,10731.0,1652421.0,27227119.0,247955.0,10391058.1,18111181.0,603706.0,166613116.0,372619511.0,32792.47,4826.0,239899.0,13106332.0,1489165.0,60838551.0,101452867.0,0.49999999999999994,-0.8660254037844387,30,0,0,0,0,0,0,0,0,0,0,0,0,0,0,0,0,0,0,0,0,0,0,0,0
2021-07-01,76551.34,15604.0,1970939.0,41962054.0,27784397.0,339021590.0,688744387.0,43301.07,10796.0,1724927.0,28401980.0,248912.0,11169239.7,25599950.0,825805.0,235628676.0,517394490.0,33250.27,4808.0,246012.0,13560074.0,2184447.0,103392914.0,171349897.0,1.2246467991473532e-16,-1.0,31,0,0,0,0,0,0,0,0,0,0,0,0,0,0,0,0,0,0,0,0,0,0,0,0
2021-08-01,77597.33,15617.0,2336059.0,51972589.0,45166862.0,589147833.0,1168660659.0,44105.29,10824.0,2032174.0,33430312.0,268835.0,13753287.3,41350809.0,1333897.0,384518993.0,828946747.0,33492.04,4793.0,303885.0,18542277.0,3816053.0,204628840.0,339713912.0,-0.4999999999999997,-0.8660254037844388,31,0,0,0,0,0,0,0,0,0,0,0,0,0,0,0,0,0,0,0,0,0,0,0,0
2021-09-01,78430.83,15614.0,2696730.0,60845452.0,59376632.0,744971077.0,1494686612.0,45645.21,10848.0,2331929.0,38321789.0,286701.0,16423144.4,54395637.0,1813188.0,501921076.0,1087667585.0,32785.62,4766.0,364801.0,22523663.0,4980995.0,243050001.0,407019027.0,-0.8660254037844385,-0.5000000000000004,30,0,0,0,0,0,0,0,0,0,0,0,0,0,0,0,0,0,0,0,0,0,0,0,0
2021-10-01,79890.38,15606.0,2833690.0,65203799.0,73503902.0,930446224.0,1895545121.0,46307.09,10859.0,2435217.0,39865035.0,299086.0,16626461.1,67357036.0,2172808.0,614758410.0,1358727889.0,33583.29,4747.0,398473.0,25338764.0,6146866.0,315687814.0,536817232.0,-1.0,-1.8369701987210297e-16,31,0,0,0,0,0,0,0,0,0,0,0,0,0,0,0,0,0,0,0,0,0,0,0,0
2021-11-01,80532.98,15505.0,2814896.0,65444086.0,79455158.0,980065359.0,2014331156.0,47188.42,10777.0,2411010.0,39492536.0,293228.0,15834754.9,72942267.0,2431409.0,652551647.0,1465596813.0,33344.56,4728.0,403886.0,25951550.0,6512891.0,327513712.0,548734343.0,-0.8660254037844386,0.5000000000000001,30,0,0,0,0,0,0,0,0,0,0,0,0,0,0,0,0,0,0,0,0,0,0,0,0
2021-12-01,80802.05,15390.0,2929542.0,68871165.0,84517852.0,1052746761.0,2174142112.0,47307.19,10735.0,2504194.0,40982790.0,302602.0,16183841.9,77515624.0,2500504.0,690130113.0,1559723380.0,33494.86,4655.0,425348.0,27888375.0,7002228.0,362616648.0,614418732.0,-0.5000000000000004,0.8660254037844384,31,0,0,0,0,0,0,0,0,0,0,0,0,0,0,0,0,0,0,0,0,0,0,0,0
2022-01-01,80492.54,15412.0,2840873.0,66965118.0,72560418.0,886354091.0,1831650688.0,47373.98,10779.0,2423868.0,39856373.0,294306.0,15939547.6,66809161.0,2155134.0,594930745.0,1350331566.0,33118.56,4633.0,417005.0,27108745.0,5751257.0,291423346.0,481319122.0,0.0,1.0,31,0,0,0,0,0,0,0,0,0,0,0,0,0,0,0,0,0,0,0,0,0,0,0,0
2022-02-01,80506.14,15478.0,2433968.0,57924216.0,59380817.0,754012694.0,1549230881.0,47612.43,10850.0,2069197.0,34005418.0,254682.0,13279519.0,54411635.0,1943273.0,485424463.0,1107730872.0,32893.71,4628.0,364771.0,23918798.0,4969182.0,268588231.0,441500009.0,0.49999999999999994,0.8660254037844387,28,0,0,0,0,0,0,0,0,0,0,0,0,0,0,0,0,0,0,0,0,0,0,0,0
2022-03-01,80096.32,15351.0,2891475.0,66696337.0,83944092.0,1008151325.0,2092808432.0,47822.21,10784.0,2473722.0,40487593.0,300277.0,16147216.7,77246510.0,2491823.0,684342709.0,1555745516.0,32274.11,4567.0,417753.0,26208744.0,6697582.0,323808616.0,537062916.0,0.8660254037844386,0.5000000000000001,31,0,0,0,0,0,0,0,0,0,0,0,0,0,0,0,0,0,0,0,0,0,0,0,0
2022-04-01,80432.44,15355.0,2698770.0,63301546.0,65818090.0,815006668.0,1682102579.0,48232.83,10805.0,2301969.0,37868461.0,285689.0,14911468.5,60453078.0,2015103.0,538367879.0,1227531207.0,32199.61,4550.0,396801.0,25433085.0,5365012.0,276638789.0,454571372.0,1.0,6.123233995736766e-17,30,0,0,0,0,0,0,0,0,0,0,0,0,0,0,0,0,0,0,0,0,0,0,0,0
2022-05-01,80156.0,15348.0,2686024.0,62121002.0,50651076.0,607956970.0,1273890070.0,48104.09,10806.0,2302424.0,37987904.0,290642.0,14538185.0,46658594.0,1505116.0,413808310.0,954194060.0,32051.91,4542.0,383600.0,24133098.0,3992482.0,194148660.0,319696010.0,0.8660254037844387,-0.4999999999999998,31,0,0,0,0,0,0,0,0,0,0,0,0,0,0,0,0,0,0,0,0,0,0,0,0
2022-06-01,79656.49,15345.0,2476237.0,57162727.0,54973553.0,665965654.0,1388120369.0,47987.68,10818.0,2121465.0,35235911.0,290373.0,14270152.6,50679008.0,1689300.0,446212044.0,1028139768.0,31668.81,4527.0,354772.0,21926816.0,4294545.0,219753610.0,359980601.0,0.49999999999999994,-0.8660254037844387,30,0,0,0,0,0,0,0,0,0,0,0,0,0,0,0,0,0,0,0,0,0,0,0,0
2022-07-01,79432.94,15284.0,2606074.0,60950671.0,64253165.0,814848635.0,1683307610.0,47954.38,10839.0,2231757.0,37093931.0,285349.0,15702353.0,58851036.0,1898421.0,527323719.0,1204317010.0,31478.56,4445.0,374317.0,23856740.0,5402129.0,287524916.0,478990600.0,1.2246467991473532e-16,-1.0,31,0,0,0,0,0,0,0,0,0,0,0,0,0,0,0,0,0,0,0,0,0,0,0,0
2022-08-01,79989.08,15267.0,2756336.0,63561336.0,70523848.0,888071817.0,1831959521.0,48611.97,10855.0,2373864.0,39271312.0,292426.0,16557522.2,64669408.0,2086110.0,578959360.0,1317744096.0,31377.11,4412.0,382472.0,24290024.0,5854440.0,309112457.0,514215425.0,-0.4999999999999997,-0.8660254037844388,31,0,0,0,0,0,0,0,0,0,0,0,0,0,0,0,0,0,0,0,0,0,0,0,0
2022-09-01,80320.73,15279.0,2679901.0,61981121.0,73507977.0,899639965.0,1864713703.0,48828.89,10873.0,2303839.0,37964898.0,297097.0,15734263.9,67618092.0,2253936.0,599023070.0,1364844018.0,31491.84,4406.0,376062.0,24016223.0,5889885.0,300616895.0,499869685.0,-0.8660254037844385,-0.5000000000000004,30,0,0,0,0,0,0,0,0,0,0,0,0,0,0,0,0,0,0,0,0,0,0,0,0
2022-10-01,80830.7,15228.0,2734191.0,63543379.0,76711818.0,943498297.0,2113690896.0,49311.46,10827.0,2348286.0,38728710.0,295733.0,15377048.1,70560517.0,2276146.0,625190379.0,1586212161.0,31519.24,4401.0,385905.0,24814669.0,6151301.0,318307918.0,527478735.0,-1.0,-1.8369701987210297e-16,31,0,0,0,0,0,0,0,0,0,0,0,0,0,0,0,0,0,0,0,0,0,0,0,0
2022-11-01,82281.26,15193.0,2714263.0,62778421.0,80346326.0,972592571.0,2215617561.0,50915.92,10799.0,2333252.0,38495414.0,290836.0,15135049.8,73978797.0,2465960.0,649111274.0,1675251712.0,31365.34,4394.0,381011.0,24283007.0,6367529.0,323481297.0,540365849.0,-0.8660254037844386,0.5000000000000001,30,0,0,0,0,0,0,0,0,0,0,0,0,0,0,0,0,0,0,0,0,0,0,0,0
2022-12-01,82016.07,15174.0,2791527.0,65021640.0,84065328.0,1030445261.0,2330740968.0,50868.49,10776.0,2397920.0,39670027.0,301134.0,15381688.9,77416665.0,2497312.0,686139471.0,1755093732.0,31147.58,4398.0,393607.0,25351613.0,6648663.0,344305790.0,575647236.0,-0.5000000000000004,0.8660254037844384,31,0,0,0,0,0,0,0,0,0,0,0,0,0,0,0,0,0,0,0,0,0,0,0,0
2023-01-01,81644.31,15165.0,2562705.0,61118994.0,70193492.0,897516156.0,1991831778.0,50869.17,10755.0,2186602.0,36121006.0,282789.0,13290719.22,64215293.0,2071461.0,572152051.0,1455278666.0,30775.14,4410.0,376103.0,24997988.0,5978199.0,325364105.0,536553112.0,0.0,1.0,31,0,0,0,0,0,0,0,0,0,0,0,0,0,0,0,0,0,0,0,0,0,0,0,0
2023-02-01,81528.1,15147.0,2439386.0,57392200.0,71953182.0,887051116.0,2018248569.0,50972.44,10798.0,2090936.0,34950325.0,274260.0,12833321.04,65973730.0,2356205.0,574180930.0,1500665060.0,30555.66,4349.0,348450.0,22441875.0,5979452.0,312870186.0,517583509.0,0.49999999999999994,0.8660254037844387,28,0,0,0,0,0,0,0,0,0,0,0,0,0,0,0,0,0,0,0,0,0,0,0,0
2023-03-01,81809.49,15082.0,2767055.0,64384331.0,86074080.0,1013791170.0,2356750724.0,51309.33,10765.0,2378606.0,39522397.0,297468.0,14811504.05,79345853.0,2559544.0,677026209.0,1788772181.0,30500.16,4317.0,388449.0,24861934.0,6728227.0,336764961.0,567978543.0,0.8660254037844386,0.5000000000000001,31,0,0,0,0,0,0,0,0,0,0,0,0,0,0,0,0,0,0,0,0,0,0,0,0
2023-04-01,81880.44,15052.0,2565162.0,61388489.0,77553811.0,954411442.0,2219079048.0,51517.73,10776.0,2193171.0,36665511.0,288097.0,13833052.74,70996345.0,2366545.0,607209524.0,1623211999.0,30362.71,4276.0,371991.0,24722978.0,6557466.0,347201918.0,595867049.0,1.0,6.123233995736766e-17,30,0,0,0,0,0,0,0,0,0,0,0,0,0,0,0,0,0,0,0,0,0,0,0,0
2023-05-01,81976.37,15006.0,2730287.0,64504410.0,84651231.0,997965654.0,2354377188.0,51603.71,10753.0,2341119.0,39126057.0,294443.0,15210782.49,77929814.0,2513865.0,664126902.0,1776435305.0,30372.66,4253.0,389168.0,25378353.0,6721417.0,333838752.0,577941883.0,0.8660254037844387,-0.4999999999999998,31,0,0,0,0,0,0,0,0,0,0,0,0,0,0,0,0,0,0,0,0,0,0,0,0
2023-06-01,82138.31,14952.0,2593739.0,61633044.0,76775302.0,919302279.0,2156330760.0,51806.45,10722.0,2222695.0,37285790.0,281039.0,15141685.41,70565124.0,2352171.0,602124435.0,1612345987.0,30331.86,4230.0,371044.0,24347254.0,6210178.0,317177844.0,543984773.0,0.49999999999999994,-0.8660254037844387,30,0,0,0,0,0,0,0,0,0,0,0,0,0,0,0,0,0,0,0,0,0,0,0,0
2023-07-01,81353.57,14943.0,2634610.0,63018069.0,75098209.0,915425855.0,2165979770.0,51461.52,10730.0,2253827.0,37864485.0,280604.0,15314755.32,68820375.0,2220012.0,587407710.0,1594151794.0,29892.05,4213.0,380783.0,25153584.0,6277834.0,328018145.0,571827976.0,1.2246467991473532e-16,-1.0,31,0,0,0,0,0,0,0,0,0,0,0,0,0,0,0,0,0,0,0,0,0,0,0,0
2023-08-01,82219.41,14923.0,2667334.0,63561025.0,78273089.0,952862050.0,2238475931.0,51983.75,10736.0,2283242.0,38357883.0,283045.0,15385639.46,71772481.0,2315241.0,615227322.0,1653813602.0,30235.66,4187.0,384092.0,25203142.0,6500608.0,337634728.0,584662329.0,-0.4999999999999997,-0.8660254037844388,31,0,0,0,0,0,0,0,0,0,0,0,0,0,0,0,0,0,0,0,0,0,0,0,0
2023-09-01,81851.51,14851.0,2576207.0,61203554.0,81423412.0,957102683.0,2260885146.0,51673.86,10662.0,2206650.0,36840846.0,276779.0,14941724.44,74936677.0,2497889.0,635456986.0,1704997936.0,30177.65,4189.0,369557.0,24362708.0,6486735.0,321645697.0,555887210.0,-0.8660254037844385,-0.5000000000000004,30,0,0,0,0,0,0,0,0,0,0,0,0,0,0,0,0,0,0,0,0,0,0,0,0
2023-10-01,81779.1,14774.0,2646057.0,63180172.0,84105596.0,1015477028.0,2382831853.0,51673.48,10576.0,2264991.0,37897401.0,281231.0,14511435.53,77199253.0,2490298.0,660169595.0,1773738960.0,30105.62,4198.0,381066.0,25282771.0,6906343.0,355307433.0,609092893.0,-1.0,-1.8369701987210297e-16,31,0,0,0,0,0,0,0,0,0,0,0,0,0,0,0,0,0,0,0,0,0,0,0,0
2023-11-01,82017.72,14845.0,2673674.0,62388525.0,86132584.0,1024712533.0,2421383061.0,51991.55,10637.0,2296255.0,37796846.0,280771.0,13996171.36,79111143.0,2637038.0,676936288.0,1822899724.0,30026.17,4208.0,377419.0,24591679.0,7021441.0,347776245.0,598483337.0,-0.8660254037844386,0.5000000000000001,30,0,0,0,0,0,0,0,0,0,0,0,0,0,0,0,0,0,0,0,0,0,0,0,0
2023-12-01,82288.23,14807.0,2687246.0,64143879.0,87371222.0,1055394550.0,2486941592.0,52409.46,10654.0,2297981.0,38555358.0,285926.0,13909276.62,80175564.0,2586309.0,687605727.0,1853562209.0,29878.77,4153.0,389265.0,25588521.0,7195658.0,367788823.0,633379383.0,-0.5000000000000004,0.8660254037844384,31,0,0,0,0,0,0,0,0,0,0,0,0,0,0,0,0,0,0,0,0,0,0,0,0
2024-01-01,82968.91,14683.0,2712575.0,64097553.0,82453925.0,1015909171.0,2340774698.0,53079.71,10499.0,2323380.0,38719359.0,281458.0,13683018.02,75635123.0,2439843.0,669169495.0,1743522376.0,29889.2,4184.0,389195.0,25378194.0,6818802.0,346739676.0,597252322.0,0.0,1.0,31,0,0,0,0,0,0,0,0,0,0,0,0,0,0,0,0,0,0,0,0,0,0,0,0
2024-02-01,82988.37,14665.0,2355284.0,56830774.0,70585386.0,904323094.0,2059030952.0,53282.19,10479.0,2005055.0,33532884.0,253774.0,11708071.47,64408029.0,2220967.0,570711980.0,1489122348.0,29706.18,4186.0,350229.0,23297890.0,6177357.0,333611114.0,569908604.0,0.49999999999999994,0.8660254037844387,29,0,0,0,0,0,0,0,0,0,0,0,0,0,0,0,0,0,0,0,0,0,0,0,0
2024-03-01,83082.91,14684.0,2682801.0,63468498.0,86684492.0,1064942070.0,2457188947.0,53366.13,10498.0,2297652.0,38374691.0,286672.0,13672778.76,79495513.0,2564371.0,703604444.0,1831584871.0,29716.78,4186.0,385149.0,25093807.0,7188979.0,361337626.0,625604076.0,0.8660254037844386,0.5000000000000001,31,0,0,0,0,0,0,0,0,0,0,0,0,0,0,0,0,0,0,0,0,0,0,0,0
2024-04-01,83287.67,14413.0,2578975.0,61456175.0,82168598.0,1023888915.0,2323997147.0,53325.58,10502.0,2208878.0,37012362.0,277896.0,13743108.21,75370081.0,2512336.0,664515547.0,1727234968.0,29962.09,3911.0,370097.0,24443813.0,6798517.0,359373368.0,596762179.0,1.0,6.123233995736766e-17,30,0,0,0,0,0,0,0,0,0,0,0,0,0,0,0,0,0,0,0,0,0,0,0,0
2024-05-01,83207.48,14398.0,2689210.0,63819399.0,88235246.0,1074516057.0,2473455311.0,53705.31,10497.0,2302518.0,38609696.0,290054.0,14507937.63,81160478.0,2618080.0,710533614.0,1861259905.0,29502.17,3901.0,386692.0,25209703.0,7074768.0,363982443.0,612195406.0,0.8660254037844387,-0.4999999999999998,31,0,0,0,0,0,0,0,0,0,0,0,0,0,0,0,0,0,0,0,0,0,0,0,0
2024-06-01,83755.1,14407.0,2531925.0,60929279.0,79090606.0,994328984.0,2251724240.0,54254.2,10507.0,2159994.0,36326956.0,274526.0,14086533.3,72512643.0,2417088.0,642579762.0,1667247725.0,29500.9,3900.0,371931.0,24602323.0,6577963.0,351749222.0,584476515.0,0.49999999999999994,-0.8660254037844387,30,0,0,0,0,0,0,0,0,0,0,0,0,0,0,0,0,0,0,0,0,0,0,0,0
2024-07-01,83288.63,14391.0,2527294.0,60189478.0,75525486.0,945372677.0,2164354820.0,54122.49,10495.0,2166846.0,36353204.0,274046.0,14471831.77,69337193.0,2236684.0,616155808.0,1605681044.0,29166.14,3896.0,360448.0,23836274.0,6188293.0,329216869.0,558673776.0,1.2246467991473532e-16,-1.0,31,0,0,0,0,0,0,0,0,0,0,0,0,0,0,0,0,0,0,0,0,0,0,0,0
2024-08-01,84414.07,14381.0,2637437.0,63426558.0,80487027.0,1019986992.0,2329181728.0,54925.7,10491.0,2251895.0,37961987.0,280108.0,14976407.8,73650024.0,2375807.0,653317595.0,1703487529.0,29488.37,3890.0,385542.0,25464571.0,6837003.0,366669397.0,625694199.0,-0.4999999999999997,-0.8660254037844388,31,0,0,0,0,0,0,0,0,0,0,0,0,0,0,0,0,0,0,0,0,0,0,0,0
2024-09-01,85542.89,14404.0,2557694.0,61144279.0,82010801.0,1020169829.0,2338318827.0,56014.4,10511.0,2185100.0,36577580.0,275084.0,14382685.81,75225950.0,2507532.0,668064505.0,1729960734.0,29528.49,3893.0,372594.0,24566699.0,6784851.0,352105324.0,608358093.0,-0.8660254037844385,-0.5000000000000004,30,0,0,0,0,0,0,0,0,0,0,0,0,0,0,0,0,0,0,0,0,0,0,0,0
2024-10-01,84182.38,14398.0,2475024.0,58315882.0,80311649.0,981201500.0,2274677552.0,54649.53,10500.0,2130329.0,35813180.0,273983.0,13363368.46,73888147.0,2383489.0,652877477.0,1702753569.0,29532.85,3898.0,344695.0,22502702.0,6423502.0,328324023.0,571923983.0,-1.0,-1.8369701987210297e-16,31,0,0,0,0,0,0,0,0,0,0,0,0,0,0,0,0,0,0,0,0,0,0,0,0
2024-11-01,86715.98,14457.0,2578636.0,61041863.0,85401388.0,1048885245.0,2431477774.0,56952.14,10546.0,2209771.0,37165036.0,280081.0,13756513.27,78596536.0,2619885.0,697834372.0,1819628256.0,29763.84,3911.0,368865.0,23876827.0,6804852.0,351050873.0,611849518.0,-0.8660254037844386,0.5000000000000001,30,0,0,0,0,0,0,0,0,0,0,0,0,0,0,0,0,0,0,0,0,0,0,0,0
2024-12-01,87956.24,14433.0,2688634.0,63545364.0,88698348.0,1094052352.0,2526013282.0,58358.81,10554.0,2304250.0,38786508.0,291858.0,13862468.39,81482815.0,2628478.0,724979504.0,1876593558.0,29597.43,3879.0,384384.0,24758856.0,7215533.0,369072848.0,649419724.0,-0.5000000000000004,0.8660254037844384,31,0,0,0,0,0,0,0,0,0,0,0,0,0,0,0,0,0,0,0,0,0,0,0,0
2025-01-01,88655.76,14376.0,2514288.0,60996364.0,75989282.0,955714400.0,2206540822.0,59242.83,10495.0,2143524.0,36596539.0,277141.0,12741750.71,69727462.0,2249273.0,624463642.0,1644024068.0,29412.93,3881.0,370764.0,24399825.0,6261820.0,331250758.0,562516754.0,0.0,1.0,31,0,0,0,0,0,0,0,0,0,0,0,0,0,0,0,0,0,0,0,0,0,0,0,0
2025-02-01,88841.36,14338.0,2353330.0,56165175.0,74245482.0,925680131.0,2222356003.0,59428.43,10481.0,2010868.0,34141528.0,258812.0,11732734.41,68145073.0,2433753.0,609239308.0,1669190543.0,29412.93,3857.0,342462.0,22023647.0,6100409.0,316440823.0,553165460.0,0.49999999999999994,0.8660254037844387,28,0,0,0,0,0,0,0,0,0,0,0,0,0,0,0,0,0,0,0,0,0,0,0,0
2025-03-01,89092.82,14308.0,2631139.0,62667699.0,86168171.0,1062873769.0,2557899306.0,59681.23,10447.0,2251142.0,38160729.0,289075.0,13409584.54,79150036.0,2553227.0,705887662.0,1932131234.0,29411.59,3861.0,379997.0,24506970.0,7018135.0,356986107.0,625768072.0,0.8660254037844386,0.5000000000000001,31,0,0,0,0,0,0,0,0,0,0,0,0,0,0,0,0,0,0,0,0,0,0,0,0
2025-04-01,90405.08,14341.0,2558110.0,60952698.0,82874901.0,1032034755.0,2471840917.0,60196.7,10487.0,2188922.0,37058903.0,280466.0,13618070.56,75986134.0,2532871.0,677522410.0,1864464820.0,30208.38,3854.0,369188.0,23893795.0,6888767.0,354512345.0,607376097.0,1.0,6.123233995736766e-17,30,0,0,0,0,0,0,0,0,0,0,0,0,0,0,0,0,0,0,0,0,0,0,0,0
2025-05-01,90244.14,14297.0,2648046.0,63308100.0,85628803.0,1063214272.0,2552229785.0,60164.21,10465.0,2265609.0,38369691.0,290038.0,14476494.88,78618027.0,2536065.0,699906745.0,1923865893.0,30079.93,3832.0,382437.0,24938409.0,7010776.0,363307527.0,628363892.0,0.8660254037844387,-0.4999999999999998,31,0,0,0,0,0,0,0,0,0,0,0,0,0,0,0,0,0,0,0,0,0,0,0,0
2025-06-01,90955.41,14252.0,2558579.0,61212582.0,81077341.0,1006123373.0,2420247429.0,60162.61,10439.0,2188936.0,37148126.0,281346.0,14113145.12,74481392.0,2482713.0,664316791.0,1825276980.0,30792.8,3813.0,369643.0,24064456.0,6595949.0,341806582.0,594970449.0,0.49999999999999994,-0.8660254037844387,30,0,0,0,0,0,0,0,0,0,0,0,0,0,0,0,0,0,0,0,0,0,0,0,0
2025-07-01,90484.91,14277.0,2614111.0,62157686.0,80127946.0,995134167.0,2396674411.0,60369.89,10456.0,2241918.0,38014215.0,284759.0,14266174.62,73711131.0,2377778.0,655199539.0,1798490797.0,30115.02,3821.0,372193.0,24143471.0,6416815.0,339934628.0,598183614.0,1.2246467991473532e-16,-1.0,31,0,0,0,0,0,0,0,0,0,0,0,0,0,0,0,0,0,0,0,0,0,0,0,0
2025-08-01,91257.81,14252.0,2560180.0,62509387.0,80720701.0,1032407767.0,2462778824.0,61170.17,10455.0,2182913.0,37707231.0,282470.0,14209654.79,73909015.0,2384162.0,658176022.0,1805491894.0,30087.64,3797.0,377267.0,24802156.0,6811686.0,374231745.0,657286930.0,-0.4999999999999997,-0.8660254037844388,31,0,0,0,0,0,0,0,0,0,0,0,0,0,0,0,0,0,0,0,0,0,0,0,0
2025-09-01,90870.09,14283.0,2535484.0,61218400.0,84197100.0,1034602135.0,2484364360.0,60642.04,10470.0,2167207.0,37487810.0,284752.0,13937553.69,77385756.0,2579525.0,687441927.0,1875722949.0,30228.05,3813.0,368277.0,23730590.0,6811344.0,347160208.0,608641411.0,-0.8660254037844385,-0.5000000000000004,30,0,0,0,0,0,0,0,0,0,0,0,0,0,0,0,0,0,0,0,0,0,0,0,0
2025-10-01,91130.84,14358.0,2557870.0,62720338.0,85476190.0,1076368656.0,2541206969.0,60949.28,10519.0,2178541.0,38076113.0,290970.0,13730340.51,78343972.0,2527225.0,696379250.0,1898896587.0,30181.56,3839.0,379329.0,24644225.0,7132218.0,379989406.0,642310382.0,-1.0,-1.8369701987210297e-16,31,0,0,0,0,0,0,0,0,0,0,0,0,0,0,0,0,0,0,0,0,0,0,0,0
2025-11-01,92018.77,14386.0,2472731.0,60112006.0,85192945.0,1059049495.0,2546816732.0,61857.31,10539.0,2113487.0,36774506.0,279538.0,12510858.63,78228221.0,2607607.0,695559759.0,1902343123.0,30161.46,3847.0,359244.0,23337500.0,6964724.0,363489736.0,644473609.0,-0.8660254037844386,0.5000000000000001,30,0,0,0,0,0,0,0,0,0,0,0,0,0,0,0,0,0,0,0,0,0,0,0,0
2025-12-01,92535.81,14431.0,2617568.0,62629485.0,89835389.0,1114203269.0,2674405932.0,62418.75,10582.0,2240166.0,38493729.0,293218.0,12679614.0,82512665.0,2661699.0,736757588.0,2004979527.0,30117.06,3849.0,377402.0,24135756.0,7322724.0,377445681.0,669426405.0,-0.5000000000000004,0.8660254037844384,31,0,0,0,0,0,0,0,0,0,0,0,0,0,0,0,0,0,0,0,0,0,0,0,0
2026-01-01,92492.51,14408.0,2591078.0,62688900.0,83721072.0,1044466431.0,2496393595.0,62371.65,10584.0,2215743.0,38631752.0,287943.0,12103913.65,76793911.0,2477223.0,690691297.0,1867236477.0,30120.86,3824.0,375335.0,24057148.0,6927161.0,353775134.0,629157118.0,0.0,1.0,31,0,0,0,0,0,0,0,0,0,0,0,0,0,0,0,0,0,0,0,0,0,0,0,0
2026-02-01,92755.19,14406.0,2140691.0,53113967.0,66290104.0,891943839.0,2025778611.0,62632.58,10615.0,1816199.0,31751103.0,245473.0,9654822.49,60425565.0,2158056.0,561539101.0,1481221306.0,30122.61,3791.0,324492.0,21362864.0,5864539.0,330404738.0,544557305.0,0.49999999999999994,0.8660254037844387,28,0,0,0,0,0,0,0,0,0,0,0,0,0,0,0,0,0,0,0,0,0,0,0,0
2026-03-01,93567.69,14372.0,2576489.0,62230327.0,88230923.0,1096183503.0,2624813862.0,63444.38,10610.0,2203682.0,38450758.0,291675.0,11862288.89,80841918.0,2607804.0,721626551.0,1961735585.0,30123.31,3762.0,372807.0,23779569.0,7389005.0,374556952.0,663078277.0,0.8660254037844386,0.5000000000000001,31,0,0,0,0,0,0,0,0,0,0,0,0,0,0,0,0,0,0,0,0,0,0,0,0
2026-04-01,93476.62,14467.0,2463551.0,59491632.0,82679564.0,1054303359.0,2469698178.0,63382.46,10708.0,2105401.0,36561531.0,279120.0,11619038.84,75649022.0,2521634.0,689155426.0,1841848086.0,30094.16,3759.0,358150.0,22930101.0,7030542.0,365147933.0,627850092.0,1.0,6.123233995736766e-17,30,0,0,0,0,0,0,0,0,0,0,0,0,0,0,0,0,0,0,0,0,0,0,0,0
2026-05-01,93584.25,14428.0,2586221.0,61524105.0,86625564.0,1103520323.0,2614439707.0,63368.12,10683.0,2217370.0,37875296.0,285459.0,11851708.37,79303407.0,2558174.0,729037364.0,1948514555.0,30216.13,3745.0,368851.0,23648809.0,7322157.0,374482959.0,665925152.0,0.8660254037844387,-0.4999999999999998,31,0,0,0,0,0,0,0,0,0,0,0,0,0,0,0,0,0,0,0,0,0,0,0,0
2026-06-01,93939.95,14339.0,2456380.0,59383817.0,81339196.0,1000479669.0,2413904547.0,64045.8,10593.0,2100165.0,36683978.0,280537.0,11748674.26,74870009.0,2495667.0,668572999.0,1836479920.0,29894.15,3746.0,356215.0,22699839.0,6469187.0,331906670.0,577424627.0,0.49999999999999994,-0.8660254037844387,30,0,0,0,0,0,0,0,0,0,0,0,0,0,0,0,0,0,0,0,0,0,0,0,0
2026-07-01,93892.6,14313.0,2481152.0,59842923.0,79185573.0,990492992.0,2414803115.0,64400.85,10594.0,2128611.0,37315755.0,279258.0,11547399.05,72753686.0,2346893.0,654559995.0,1814442523.0,29491.75,3719.0,352541.0,22527168.0,6431887.0,335932997.0,600360592.0,1.2246467991473532e-16,-1.0,31,0,0,0,0,0,0,0,0,0,0,0,0,0,0,0,0,0,0,0,0,0,0,0,0
