dataset,column,source_label,definition
bus,bus_total_route_km,汽車客運期末營業里程(公里),
bus,bus_total_vehicles,汽車客運期末營業車輛(輛),
bus,bus_total_trips,汽車客運營業行車次數(班次),
bus,bus_total_vehicle_km,汽車客運營業行駛里程(車公里),
bus,bus_total_passengers,汽車客運客運人數(人次),
bus,bus_total_passenger_km,汽車客運延人公里(人公里),
bus,bus_total_revenue_twd,汽車客運客運收入(新臺幣元),
bus,bus_city_route_km,市區客運期末營業里程(公里),
bus,bus_city_vehicles,市區客運期末營業車輛(輛),
bus,bus_city_trips,市區客運營業行車次數(班次),
bus,bus_city_vehicle_km,市區客運營業行駛里程(車公里),
bus,bus_city_vehicle_days,市區客運行駛延日車數(日輛),
bus,bus_city_fuel_liters,市區客運消耗油量(公升),
bus,bus_city_passengers,市區客運客運人數(人次),
bus,bus_city_daily_passengers,市區客運平均每日人數(人次),
bus,bus_city_passenger_km,市區客運延人公里(人公里),
bus,bus_city_revenue_twd,市區客運客運收入(新臺幣元),
bus,bus_highway_route_km,公路客運期末營業里程(公里),
bus,bus_highway_vehicles,公路客運期末營業車輛(輛),
bus,bus_highway_trips,公路客運營業行車次數(班次),
bus,bus_highway_vehicle_km,公路客運營業行駛里程(車公里),
bus,bus_highway_passengers,公路客運客運人數(人次),
bus,bus_highway_passenger_km,公路客運延人公里(人公里),
bus,bus_highway_revenue_twd,公路客運客運收入(新臺幣元),
hsr_service,hsr_trips,列車行駛次數(次),
hsr_service,hsr_train_km,列車行駛公里(公里),
hsr_usage,hsr_passengers,旅客人數(人次),
hsr_usage,hsr_daily_passengers,平均每日人數(人次),
hsr_usage,hsr_passenger_km,延人公里(人公里),
hsr_usage,hsr_avg_trip_km,平均每一旅客運距(公里),
hsr_usage,hsr_occupancy_pct,客座利用率(%),
hsr_usage,hsr_punctuality_pct,列車準點率(%),
hsr_stations,hsr_entry_total,進站_總計,
hsr_stations,hsr_entry_nangang,進站_南港,
hsr_stations,hsr_entry_taipei,進站_臺北,
hsr_stations,hsr_entry_banqiao,進站_板橋,
hsr_stations,hsr_entry_taoyuan,進站_桃園,
hsr_stations,hsr_entry_hsinchu,進站_新竹,
hsr_stations,hsr_entry_miaoli,進站_苗栗,
hsr_stations,hsr_entry_taichung,進站_臺中,
hsr_stations,hsr_entry_changhua,進站_彰化,
hsr_stations,hsr_entry_yunlin,進站_雲林,
hsr_stations,hsr_entry_chiayi,進站_嘉義,
hsr_stations,hsr_entry_tainan,進站_臺南,
hsr_stations,hsr_entry_zuoying,進站_左營,
hsr_stations,hsr_exit_total,出站_總計,
hsr_stations,hsr_exit_nangang,出站_南港,
hsr_stations,hsr_exit_taipei,出站_臺北,
hsr_stations,hsr_exit_banqiao,出站_板橋,
hsr_stations,hsr_exit_taoyuan,出站_桃園,
hsr_stations,hsr_exit_hsinchu,出站_新竹,
hsr_stations,hsr_exit_miaoli,出站_苗栗,
hsr_stations,hsr_exit_taichung,出站_臺中,
hsr_stations,hsr_exit_changhua,出站_彰化,
hsr_stations,hsr_exit_yunlin,出站_雲林,
hsr_stations,hsr_exit_chiayi,出站_嘉義,
hsr_stations,hsr_exit_tainan,出站_臺南,
hsr_stations,hsr_exit_zuoying,出站_左營,
gdp,gdp_per_capita_nominal_twd,平均每人GDP(名目值，元),季度平均每人 GDP（名目值，元）；同季三個月使用相同原值，不除以 3，非月 GDP。供歷史分析；預測特徵須另依預測時點可得的公布資料與版本建立。
holidays,long_holiday_count,long_holiday_count,連假的開始與結束各計 1；跨月時分別計入所在月份。同月頭尾合計 2，保留來源原值，不除以 2；0 為有效計數。
