date,gdp_per_capita_nominal_twd,month_sin,month_cos,days_in_month,gdp_per_capita_nominal_twd_is_missing
2007-01-01,138268.0,0.0,1.0,31,0
2007-02-01,138268.0,0.49999999999999994,0.8660254037844387,28,0
2007-03-01,138268.0,0.8660254037844386,0.5000000000000001,31,0
2007-04-01,139481.0,1.0,6.123233995736766e-17,30,0
2007-05-01,139481.0,0.8660254037844387,-0.4999999999999998,31,0
2007-06-01,139481.0,0.49999999999999994,-0.8660254037844387,30,0
2007-07-01,150648.0,1.2246467991473532e-16,-1.0,31,0
2007-08-01,150648.0,-0.4999999999999997,-0.8660254037844388,31,0
2007-09-01,150648.0,-0.8660254037844385,-0.5000000000000004,30,0
2007-10-01,154736.0,-1.0,-1.8369701987210297e-16,31,0
2007-11-01,154736.0,-0.8660254037844386,0.5000000000000001,30,0
2007-12-01,154736.0,-0.5000000000000004,0.8660254037844384,31,0
2008-01-01,144721.0,0.0,1.0,31,0
2008-02-01,144721.0,0.49999999999999994,0.8660254037844387,29,0
2008-03-01,144721.0,0.8660254037844386,0.5000000000000001,31,0
2008-04-01,144172.0,1.0,6.123233995736766e-17,30,0
2008-05-01,144172.0,0.8660254037844387,-0.4999999999999998,31,0
2008-06-01,144172.0,0.49999999999999994,-0.8660254037844387,30,0
2008-07-01,140947.0,1.2246467991473532e-16,-1.0,31,0
2008-08-01,140947.0,-0.4999999999999997,-0.8660254037844388,31,0
2008-09-01,140947.0,-0.8660254037844385,-0.5000000000000004,30,0
2008-10-01,140439.0,-1.0,-1.8369701987210297e-16,31,0
2008-11-01,140439.0,-0.8660254037844386,0.5000000000000001,30,0
2008-12-01,140439.0,-0.5000000000000004,0.8660254037844384,31,0
2009-01-01,134819.0,0.0,1.0,31,0
2009-02-01,134819.0,0.49999999999999994,0.8660254037844387,28,0
2009-03-01,134819.0,0.8660254037844386,0.5000000000000001,31,0
2009-04-01,134508.0,1.0,6.123233995736766e-17,30,0
2009-05-01,134508.0,0.8660254037844387,-0.4999999999999998,31,0
2009-06-01,134508.0,0.49999999999999994,-0.8660254037844387,30,0
2009-07-01,141465.0,1.2246467991473532e-16,-1.0,31,0
2009-08-01,141465.0,-0.4999999999999997,-0.8660254037844388,31,0
2009-09-01,141465.0,-0.8660254037844385,-0.5000000000000004,30,0
2009-10-01,149015.0,-1.0,-1.8369701987210297e-16,31,0
2009-11-01,149015.0,-0.8660254037844386,0.5000000000000001,30,0
2009-12-01,149015.0,-0.5000000000000004,0.8660254037844384,31,0
2010-01-01,147518.0,0.0,1.0,31,0
2010-02-01,147518.0,0.49999999999999994,0.8660254037844387,28,0
2010-03-01,147518.0,0.8660254037844386,0.5000000000000001,31,0
2010-04-01,149886.0,1.0,6.123233995736766e-17,30,0
2010-05-01,149886.0,0.8660254037844387,-0.4999999999999998,31,0
2010-06-01,149886.0,0.49999999999999994,-0.8660254037844387,30,0
2010-07-01,155737.0,1.2246467991473532e-16,-1.0,31,0
2010-08-01,155737.0,-0.4999999999999997,-0.8660254037844388,31,0
2010-09-01,155737.0,-0.8660254037844385,-0.5000000000000004,30,0
2010-10-01,154455.0,-1.0,-1.8369701987210297e-16,31,0
2010-11-01,154455.0,-0.8660254037844386,0.5000000000000001,30,0
2010-12-01,154455.0,-0.5000000000000004,0.8660254037844384,31,0
2011-01-01,153297.0,0.0,1.0,31,0
2011-02-01,153297.0,0.49999999999999994,0.8660254037844387,28,0
2011-03-01,153297.0,0.8660254037844386,0.5000000000000001,31,0
2011-04-01,149702.0,1.0,6.123233995736766e-17,30,0
2011-05-01,149702.0,0.8660254037844387,-0.4999999999999998,31,0
2011-06-01,149702.0,0.49999999999999994,-0.8660254037844387,30,0
2011-07-01,157167.0,1.2246467991473532e-16,-1.0,31,0
2011-08-01,157167.0,-0.4999999999999997,-0.8660254037844388,31,0
2011-09-01,157167.0,-0.8660254037844385,-0.5000000000000004,30,0
2011-10-01,154756.0,-1.0,-1.8369701987210297e-16,31,0
2011-11-01,154756.0,-0.8660254037844386,0.5000000000000001,30,0
2011-12-01,154756.0,-0.5000000000000004,0.8660254037844384,31,0
2012-01-01,153765.0,0.0,1.0,31,0
2012-02-01,153765.0,0.49999999999999994,0.8660254037844387,29,0
2012-03-01,153765.0,0.8660254037844386,0.5000000000000001,31,0
2012-04-01,153099.0,1.0,6.123233995736766e-17,30,0
2012-05-01,153099.0,0.8660254037844387,-0.4999999999999998,31,0
2012-06-01,153099.0,0.49999999999999994,-0.8660254037844387,30,0
2012-07-01,161594.0,1.2246467991473532e-16,-1.0,31,0
2012-08-01,161594.0,-0.4999999999999997,-0.8660254037844388,31,0
2012-09-01,161594.0,-0.8660254037844385,-0.5000000000000004,30,0
2012-10-01,162291.0,-1.0,-1.8369701987210297e-16,31,0
2012-11-01,162291.0,-0.8660254037844386,0.5000000000000001,30,0
2012-12-01,162291.0,-0.5000000000000004,0.8660254037844384,31,0
2013-01-01,157387.0,0.0,1.0,31,0
2013-02-01,157387.0,0.49999999999999994,0.8660254037844387,28,0
2013-03-01,157387.0,0.8660254037844386,0.5000000000000001,31,0
2013-04-01,159449.0,1.0,6.123233995736766e-17,30,0
2013-05-01,159449.0,0.8660254037844387,-0.4999999999999998,31,0
2013-06-01,159449.0,0.49999999999999994,-0.8660254037844387,30,0
2013-07-01,166054.0,1.2246467991473532e-16,-1.0,31,0
2013-08-01,166054.0,-0.4999999999999997,-0.8660254037844388,31,0
2013-09-01,166054.0,-0.8660254037844385,-0.5000000000000004,30,0
2013-10-01,171252.0,-1.0,-1.8369701987210297e-16,31,0
2013-11-01,171252.0,-0.8660254037844386,0.5000000000000001,30,0
2013-12-01,171252.0,-0.5000000000000004,0.8660254037844384,31,0
2014-01-01,165254.0,0.0,1.0,31,0
2014-02-01,165254.0,0.49999999999999994,0.8660254037844387,28,0
2014-03-01,165254.0,0.8660254037844386,0.5000000000000001,31,0
2014-04-01,169567.0,1.0,6.123233995736766e-17,30,0
2014-05-01,169567.0,0.8660254037844387,-0.4999999999999998,31,0
2014-06-01,169567.0,0.49999999999999994,-0.8660254037844387,30,0
2014-07-01,176757.0,1.2246467991473532e-16,-1.0,31,0
2014-08-01,176757.0,-0.4999999999999997,-0.8660254037844388,31,0
2014-09-01,176757.0,-0.8660254037844385,-0.5000000000000004,30,0
2014-10-01,183102.0,-1.0,-1.8369701987210297e-16,31,0
2014-11-01,183102.0,-0.8660254037844386,0.5000000000000001,30,0
2014-12-01,183102.0,-0.5000000000000004,0.8660254037844384,31,0
2015-01-01,179835.0,0.0,1.0,31,0
2015-02-01,179835.0,0.49999999999999994,0.8660254037844387,28,0
2015-03-01,179835.0,0.8660254037844386,0.5000000000000001,31,0
2015-04-01,177245.0,1.0,6.123233995736766e-17,30,0
2015-05-01,177245.0,0.8660254037844387,-0.4999999999999998,31,0
2015-06-01,177245.0,0.49999999999999994,-0.8660254037844387,30,0
2015-07-01,182665.0,1.2246467991473532e-16,-1.0,31,0
2015-08-01,182665.0,-0.4999999999999997,-0.8660254037844388,31,0
2015-09-01,182665.0,-0.8660254037844385,-0.5000000000000004,30,0
2015-10-01,187150.0,-1.0,-1.8369701987210297e-16,31,0
2015-11-01,187150.0,-0.8660254037844386,0.5000000000000001,30,0
2015-12-01,187150.0,-0.5000000000000004,0.8660254037844384,31,0
2016-01-01,183756.0,0.0,1.0,31,0
2016-02-01,183756.0,0.49999999999999994,0.8660254037844387,29,0
2016-03-01,183756.0,0.8660254037844386,0.5000000000000001,31,0
2016-04-01,181155.0,1.0,6.123233995736766e-17,30,0
2016-05-01,181155.0,0.8660254037844387,-0.4999999999999998,31,0
2016-06-01,181155.0,0.49999999999999994,-0.8660254037844387,30,0
2016-07-01,186819.0,1.2246467991473532e-16,-1.0,31,0
2016-08-01,186819.0,-0.4999999999999997,-0.8660254037844388,31,0
2016-09-01,186819.0,-0.8660254037844385,-0.5000000000000004,30,0
2016-10-01,194796.0,-1.0,-1.8369701987210297e-16,31,0
2016-11-01,194796.0,-0.8660254037844386,0.5000000000000001,30,0
2016-12-01,194796.0,-0.5000000000000004,0.8660254037844384,31,0
2017-01-01,186316.0,0.0,1.0,31,0
2017-02-01,186316.0,0.49999999999999994,0.8660254037844387,28,0
2017-03-01,186316.0,0.8660254037844386,0.5000000000000001,31,0
2017-04-01,184107.0,1.0,6.123233995736766e-17,30,0
2017-05-01,184107.0,0.8660254037844387,-0.4999999999999998,31,0
2017-06-01,184107.0,0.49999999999999994,-0.8660254037844387,30,0
2017-07-01,194297.0,1.2246467991473532e-16,-1.0,31,0
2017-08-01,194297.0,-0.4999999999999997,-0.8660254037844388,31,0
2017-09-01,194297.0,-0.8660254037844385,-0.5000000000000004,30,0
2017-10-01,199958.0,-1.0,-1.8369701987210297e-16,31,0
2017-11-01,199958.0,-0.8660254037844386,0.5000000000000001,30,0
2017-12-01,199958.0,-0.5000000000000004,0.8660254037844384,31,0
2018-01-01,190219.0,0.0,1.0,31,0
2018-02-01,190219.0,0.49999999999999994,0.8660254037844387,28,0
2018-03-01,190219.0,0.8660254037844386,0.5000000000000001,31,0
2018-04-01,190941.0,1.0,6.123233995736766e-17,30,0
2018-05-01,190941.0,0.8660254037844387,-0.4999999999999998,31,0
2018-06-01,190941.0,0.49999999999999994,-0.8660254037844387,30,0
2018-07-01,195985.0,1.2246467991473532e-16,-1.0,31,0
2018-08-01,195985.0,-0.4999999999999997,-0.8660254037844388,31,0
2018-09-01,195985.0,-0.8660254037844385,-0.5000000000000004,30,0
2018-10-01,204024.0,-1.0,-1.8369701987210297e-16,31,0
2018-11-01,204024.0,-0.8660254037844386,0.5000000000000001,30,0
2018-12-01,204024.0,-0.5000000000000004,0.8660254037844384,31,0
2019-01-01,193960.0,0.0,1.0,31,0
2019-02-01,193960.0,0.49999999999999994,0.8660254037844387,28,0
2019-03-01,193960.0,0.8660254037844386,0.5000000000000001,31,0
2019-04-01,196231.0,1.0,6.123233995736766e-17,30,0
2019-05-01,196231.0,0.8660254037844387,-0.4999999999999998,31,0
2019-06-01,196231.0,0.49999999999999994,-0.8660254037844387,30,0
2019-07-01,202331.0,1.2246467991473532e-16,-1.0,31,0
2019-08-01,202331.0,-0.4999999999999997,-0.8660254037844388,31,0
2019-09-01,202331.0,-0.8660254037844385,-0.5000000000000004,30,0
2019-10-01,211601.0,-1.0,-1.8369701987210297e-16,31,0
2019-11-01,211601.0,-0.8660254037844386,0.5000000000000001,30,0
2019-12-01,211601.0,-0.5000000000000004,0.8660254037844384,31,0
2020-01-01,200655.0,0.0,1.0,31,0
2020-02-01,200655.0,0.49999999999999994,0.8660254037844387,29,0
2020-03-01,200655.0,0.8660254037844386,0.5000000000000001,31,0
2020-04-01,202302.0,1.0,6.123233995736766e-17,30,0
2020-05-01,202302.0,0.8660254037844387,-0.4999999999999998,31,0
2020-06-01,202302.0,0.49999999999999994,-0.8660254037844387,30,0
2020-07-01,216447.0,1.2246467991473532e-16,-1.0,31,0
2020-08-01,216447.0,-0.4999999999999997,-0.8660254037844388,31,0
2020-09-01,216447.0,-0.8660254037844385,-0.5000000000000004,30,0
2020-10-01,229701.0,-1.0,-1.8369701987210297e-16,31,0
2020-11-01,229701.0,-0.8660254037844386,0.5000000000000001,30,0
2020-12-01,229701.0,-0.5000000000000004,0.8660254037844384,31,0
2021-01-01,225036.0,0.0,1.0,31,0
2021-02-01,225036.0,0.49999999999999994,0.8660254037844387,28,0
2021-03-01,225036.0,0.8660254037844386,0.5000000000000001,31,0
2021-04-01,224674.0,1.0,6.123233995736766e-17,30,0
2021-05-01,224674.0,0.8660254037844387,-0.4999999999999998,31,0
2021-06-01,224674.0,0.49999999999999994,-0.8660254037844387,30,0
2021-07-01,229763.0,1.2246467991473532e-16,-1.0,31,0
2021-08-01,229763.0,-0.4999999999999997,-0.8660254037844388,31,0
2021-09-01,229763.0,-0.8660254037844385,-0.5000000000000004,30,0
2021-10-01,248303.0,-1.0,-1.8369701987210297e-16,31,0
2021-11-01,248303.0,-0.8660254037844386,0.5000000000000001,30,0
2021-12-01,248303.0,-0.5000000000000004,0.8660254037844384,31,0
2022-01-01,241359.0,0.0,1.0,31,0
2022-02-01,241359.0,0.49999999999999994,0.8660254037844387,28,0
2022-03-01,241359.0,0.8660254037844386,0.5000000000000001,31,0
2022-04-01,238497.0,1.0,6.123233995736766e-17,30,0
2022-05-01,238497.0,0.8660254037844387,-0.4999999999999998,31,0
2022-06-01,238497.0,0.49999999999999994,-0.8660254037844387,30,0
2022-07-01,245758.0,1.2246467991473532e-16,-1.0,31,0
2022-08-01,245758.0,-0.4999999999999997,-0.8660254037844388,31,0
2022-09-01,245758.0,-0.8660254037844385,-0.5000000000000004,30,0
2022-10-01,252965.0,-1.0,-1.8369701987210297e-16,31,0
2022-11-01,252965.0,-0.8660254037844386,0.5000000000000001,30,0
2022-12-01,252965.0,-0.5000000000000004,0.8660254037844384,31,0
2023-01-01,235631.0,0.0,1.0,31,0
2023-02-01,235631.0,0.49999999999999994,0.8660254037844387,28,0
2023-03-01,235631.0,0.8660254037844386,0.5000000000000001,31,0
2023-04-01,244824.0,1.0,6.123233995736766e-17,30,0
2023-05-01,244824.0,0.8660254037844387,-0.4999999999999998,31,0
2023-06-01,244824.0,0.49999999999999994,-0.8660254037844387,30,0
2023-07-01,257726.0,1.2246467991473532e-16,-1.0,31,0
2023-08-01,257726.0,-0.4999999999999997,-0.8660254037844388,31,0
2023-09-01,257726.0,-0.8660254037844385,-0.5000000000000004,30,0
2023-10-01,272778.0,-1.0,-1.8369701987210297e-16,31,0
2023-11-01,272778.0,-0.8660254037844386,0.5000000000000001,30,0
2023-12-01,272778.0,-0.5000000000000004,0.8660254037844384,31,0
2024-01-01,262415.0,0.0,1.0,31,0
2024-02-01,262415.0,0.49999999999999994,0.8660254037844387,29,0
2024-03-01,262415.0,0.8660254037844386,0.5000000000000001,31,0
2024-04-01,268110.0,1.0,6.123233995736766e-17,30,0
2024-05-01,268110.0,0.8660254037844387,-0.4999999999999998,31,0
2024-06-01,268110.0,0.49999999999999994,-0.8660254037844387,30,0
2024-07-01,276678.0,1.2246467991473532e-16,-1.0,31,0
2024-08-01,276678.0,-0.4999999999999997,-0.8660254037844388,31,0
2024-09-01,276678.0,-0.8660254037844385,-0.5000000000000004,30,0
2024-10-01,292187.0,-1.0,-1.8369701987210297e-16,31,0
2024-11-01,292187.0,-0.8660254037844386,0.5000000000000001,30,0
2024-12-01,292187.0,-0.5000000000000004,0.8660254037844384,31,0
2025-01-01,285793.0,0.0,1.0,31,0
2025-02-01,285793.0,0.49999999999999994,0.8660254037844387,28,0
2025-03-01,285793.0,0.8660254037844386,0.5000000000000001,31,0
2025-04-01,293006.0,1.0,6.123233995736766e-17,30,0
2025-05-01,293006.0,0.8660254037844387,-0.4999999999999998,31,0
2025-06-01,293006.0,0.49999999999999994,-0.8660254037844387,30,0
2025-07-01,305394.0,1.2246467991473532e-16,-1.0,31,0
2025-08-01,305394.0,-0.4999999999999997,-0.8660254037844388,31,0
2025-09-01,305394.0,-0.8660254037844385,-0.5000000000000004,30,0
2025-10-01,345842.0,-1.0,-1.8369701987210297e-16,31,0
2025-11-01,345842.0,-0.8660254037844386,0.5000000000000001,30,0
2025-12-01,345842.0,-0.5000000000000004,0.8660254037844384,31,0
2026-01-01,342956.0,0.0,1.0,31,0
2026-02-01,342956.0,0.49999999999999994,0.8660254037844387,28,0
2026-03-01,342956.0,0.8660254037844386,0.5000000000000001,31,0
2026-04-01,345711.0,1.0,6.123233995736766e-17,30,0
2026-05-01,345711.0,0.8660254037844387,-0.4999999999999998,31,0
2026-06-01,345711.0,0.49999999999999994,-0.8660254037844387,30,0
