date,hsr_entry_total,hsr_entry_nangang,hsr_entry_taipei,hsr_entry_banqiao,hsr_entry_taoyuan,hsr_entry_hsinchu,hsr_entry_miaoli,hsr_entry_taichung,hsr_entry_changhua,hsr_entry_yunlin,hsr_entry_chiayi,hsr_entry_tainan,hsr_entry_zuoying,hsr_exit_total,hsr_exit_nangang,hsr_exit_taipei,hsr_exit_banqiao,hsr_exit_taoyuan,hsr_exit_hsinchu,hsr_exit_miaoli,hsr_exit_taichung,hsr_exit_changhua,hsr_exit_yunlin,hsr_exit_chiayi,hsr_exit_tainan,hsr_exit_zuoying,month_sin,month_cos,days_in_month,hsr_entry_total_is_missing,hsr_entry_nangang_is_missing,hsr_entry_taipei_is_missing,hsr_entry_banqiao_is_missing,hsr_entry_taoyuan_is_missing,hsr_entry_hsinchu_is_missing,hsr_entry_miaoli_is_missing,hsr_entry_taichung_is_missing,hsr_entry_changhua_is_missing,hsr_entry_yunlin_is_missing,hsr_entry_chiayi_is_missing,hsr_entry_tainan_is_missing,hsr_entry_zuoying_is_missing,hsr_exit_total_is_missing,hsr_exit_nangang_is_missing,hsr_exit_taipei_is_missing,hsr_exit_banqiao_is_missing,hsr_exit_taoyuan_is_missing,hsr_exit_hsinchu_is_missing,hsr_exit_miaoli_is_missing,hsr_exit_taichung_is_missing,hsr_exit_changhua_is_missing,hsr_exit_yunlin_is_missing,hsr_exit_chiayi_is_missing,hsr_exit_tainan_is_missing,hsr_exit_zuoying_is_missing
2007-01-01,1161047.0,0.0,0.0,361483.0,83374.0,70811.0,0.0,190724.0,0.0,0.0,60498.0,101015.0,293142.0,1161047.0,0.0,0.0,362768.0,81237.0,70768.0,0.0,185591.0,0.0,0.0,58444.0,96571.0,305668.0,0.0,1.0,31,0,1,1,0,0,0,1,0,1,1,0,0,0,0,1,1,0,0,0,1,0,1,1,0,0,0
2007-02-01,724784.0,0.0,0.0,251462.0,50236.0,42628.0,0.0,102085.0,0.0,0.0,46227.0,66191.0,165955.0,724784.0,0.0,0.0,253325.0,45302.0,39911.0,0.0,101043.0,0.0,0.0,45798.0,66933.0,172472.0,0.49999999999999994,0.8660254037844387,28,0,1,1,0,0,0,1,0,1,1,0,0,0,0,1,1,0,0,0,1,0,1,1,0,0,0
2007-03-01,919455.0,0.0,253993.0,80047.0,56640.0,53230.0,0.0,147960.0,0.0,0.0,54326.0,76138.0,197121.0,919455.0,0.0,262122.0,75285.0,52037.0,50916.0,0.0,145496.0,0.0,0.0,54723.0,75676.0,203200.0,0.8660254037844386,0.5000000000000001,31,0,1,0,0,0,0,1,0,1,1,0,0,0,0,1,0,0,0,0,1,0,1,1,0,0,0
2007-04-01,1076413.0,0.0,308830.0,82046.0,64569.0,61063.0,0.0,172817.0,0.0,0.0,66119.0,85099.0,235870.0,1076413.0,0.0,319834.0,78831.0,60157.0,57897.0,0.0,168412.0,0.0,0.0,60910.0,85819.0,244553.0,1.0,6.123233995736766e-17,30,0,1,0,0,0,0,1,0,1,1,0,0,0,0,1,0,0,0,0,1,0,1,1,0,0,0
2007-05-01,1155098.0,0.0,329918.0,82357.0,69446.0,69308.0,0.0,198274.0,0.0,0.0,69305.0,88887.0,247603.0,1155098.0,0.0,340350.0,80829.0,64234.0,64768.0,0.0,189667.0,0.0,0.0,63860.0,88064.0,263326.0,0.8660254037844387,-0.4999999999999998,31,0,1,0,0,0,0,1,0,1,1,0,0,0,0,1,0,0,0,0,1,0,1,1,0,0,0
2007-06-01,1241227.0,0.0,360047.0,85127.0,76233.0,74777.0,0.0,212548.0,0.0,0.0,73461.0,98874.0,260160.0,1241227.0,0.0,373003.0,84322.0,69183.0,70129.0,0.0,197066.0,0.0,0.0,68031.0,96468.0,283025.0,0.49999999999999994,-0.8660254037844387,30,0,1,0,0,0,0,1,0,1,1,0,0,0,0,1,0,0,0,0,1,0,1,1,0,0,0
2007-07-01,1425755.0,0.0,415411.0,97873.0,89316.0,87534.0,0.0,243267.0,0.0,0.0,81970.0,111738.0,298646.0,1425755.0,0.0,429991.0,97188.0,81295.0,83468.0,0.0,228697.0,0.0,0.0,78518.0,109636.0,316962.0,1.2246467991473532e-16,-1.0,31,0,1,0,0,0,0,1,0,1,1,0,0,0,0,1,0,0,0,0,1,0,1,1,0,0,0
2007-08-01,1373686.0,0.0,417663.0,92484.0,84869.0,87666.0,0.0,236629.0,0.0,0.0,73671.0,105988.0,274716.0,1373686.0,0.0,420593.0,88873.0,78825.0,83446.0,0.0,232658.0,0.0,0.0,73558.0,107625.0,288108.0,-0.4999999999999997,-0.8660254037844388,31,0,1,0,0,0,0,1,0,1,1,0,0,0,0,1,0,0,0,0,1,0,1,1,0,0,0
2007-09-01,1367236.0,0.0,409056.0,92286.0,83326.0,87251.0,0.0,232930.0,0.0,0.0,76050.0,107223.0,279114.0,1367236.0,0.0,423675.0,90219.0,77356.0,84625.0,0.0,222300.0,0.0,0.0,72946.0,107214.0,288901.0,-0.8660254037844385,-0.5000000000000004,30,0,1,0,0,0,0,1,0,1,1,0,0,0,0,1,0,0,0,0,1,0,1,1,0,0,0
2007-10-01,1448553.0,0.0,443597.0,94070.0,83139.0,90434.0,0.0,249212.0,0.0,0.0,78094.0,119349.0,290658.0,1448553.0,0.0,433624.0,94493.0,91847.0,95405.0,0.0,259328.0,0.0,0.0,80689.0,117230.0,275937.0,-1.0,-1.8369701987210297e-16,31,0,1,0,0,0,0,1,0,1,1,0,0,0,0,1,0,0,0,0,1,0,1,1,0,0,0
2007-11-01,1659506.0,0.0,498064.0,107349.0,107157.0,113115.0,0.0,303174.0,0.0,0.0,89111.0,128190.0,313346.0,1659506.0,0.0,509569.0,105704.0,94680.0,109017.0,0.0,291269.0,0.0,0.0,88283.0,131606.0,329378.0,-0.8660254037844386,0.5000000000000001,30,0,1,0,0,0,0,1,0,1,1,0,0,0,0,1,0,0,0,0,1,0,1,1,0,0,0
2007-12-01,2002896.0,0.0,601838.0,128064.0,129220.0,138945.0,0.0,374293.0,0.0,0.0,110145.0,149769.0,370622.0,2002896.0,0.0,619617.0,131251.0,116193.0,132936.0,0.0,358107.0,0.0,0.0,107272.0,150699.0,386821.0,-0.5000000000000004,0.8660254037844384,31,0,1,0,0,0,0,1,0,1,1,0,0,0,0,1,0,0,0,0,1,0,1,1,0,0,0
2008-01-01,1958004.0,0.0,601161.0,127417.0,126560.0,135946.0,0.0,357300.0,0.0,0.0,103790.0,148858.0,356972.0,1958004.0,0.0,592024.0,128060.0,119604.0,134925.0,0.0,356003.0,0.0,0.0,104778.0,153753.0,368857.0,0.0,1.0,31,0,1,0,0,0,0,1,0,1,1,0,0,0,0,1,0,0,0,0,1,0,1,1,0,0,0
2008-02-01,2095210.0,0.0,627687.0,150185.0,136347.0,140603.0,0.0,348979.0,0.0,0.0,130408.0,158187.0,402814.0,2095210.0,0.0,615057.0,145893.0,127148.0,134519.0,0.0,357194.0,0.0,0.0,133140.0,164651.0,417608.0,0.49999999999999994,0.8660254037844387,29,0,1,0,0,0,0,1,0,1,1,0,0,0,0,1,0,0,0,0,1,0,1,1,0,0,0
2008-03-01,2311821.0,0.0,680217.0,146052.0,152306.0,166206.0,0.0,415344.0,0.0,0.0,130199.0,181928.0,439569.0,2311821.0,0.0,694204.0,149349.0,141627.0,163923.0,0.0,405854.0,0.0,0.0,127347.0,182945.0,446572.0,0.8660254037844386,0.5000000000000001,31,0,1,0,0,0,0,1,0,1,1,0,0,0,0,1,0,0,0,0,1,0,1,1,0,0,0
2008-04-01,2545527.0,0.0,746241.0,163968.0,171640.0,184111.0,0.0,451602.0,0.0,0.0,151205.0,193241.0,483519.0,2545527.0,0.0,744716.0,169443.0,161238.0,181288.0,0.0,446806.0,0.0,0.0,148284.0,197524.0,496228.0,1.0,6.123233995736766e-17,30,0,1,0,0,0,0,1,0,1,1,0,0,0,0,1,0,0,0,0,1,0,1,1,0,0,0
2008-05-01,2603395.0,0.0,757563.0,167943.0,184388.0,197591.0,0.0,462999.0,0.0,0.0,141277.0,195250.0,496384.0,2603395.0,0.0,759411.0,171732.0,170799.0,193473.0,0.0,457179.0,0.0,0.0,140492.0,196776.0,513533.0,0.8660254037844387,-0.4999999999999998,31,0,1,0,0,0,0,1,0,1,1,0,0,0,0,1,0,0,0,0,1,0,1,1,0,0,0
2008-06-01,2537620.0,0.0,747432.0,158977.0,178109.0,196844.0,0.0,445344.0,0.0,0.0,133284.0,189474.0,488156.0,2537620.0,0.0,759417.0,164531.0,169848.0,196371.0,0.0,438429.0,0.0,0.0,131282.0,189349.0,488393.0,0.49999999999999994,-0.8660254037844387,30,0,1,0,0,0,0,1,0,1,1,0,0,0,0,1,0,0,0,0,1,0,1,1,0,0,0
2008-07-01,2811997.0,0.0,832443.0,174964.0,200223.0,216229.0,0.0,481409.0,0.0,0.0,148002.0,208881.0,549846.0,2811997.0,0.0,833450.0,179384.0,190026.0,214343.0,0.0,478230.0,0.0,0.0,147806.0,212036.0,556722.0,1.2246467991473532e-16,-1.0,31,0,1,0,0,0,0,1,0,1,1,0,0,0,0,1,0,0,0,0,1,0,1,1,0,0,0
2008-08-01,2973150.0,0.0,888463.0,178344.0,207903.0,236777.0,0.0,522404.0,0.0,0.0,153969.0,215642.0,569648.0,2973150.0,0.0,887347.0,184322.0,196283.0,234302.0,0.0,521789.0,0.0,0.0,154468.0,218706.0,575933.0,-0.4999999999999997,-0.8660254037844388,31,0,1,0,0,0,0,1,0,1,1,0,0,0,0,1,0,0,0,0,1,0,1,1,0,0,0
2008-09-01,2488574.0,0.0,726719.0,155180.0,181986.0,197803.0,0.0,438035.0,0.0,0.0,129193.0,186611.0,473047.0,2488574.0,0.0,735772.0,159807.0,168664.0,196852.0,0.0,435810.0,0.0,0.0,128347.0,190978.0,472344.0,-0.8660254037844385,-0.5000000000000004,30,0,1,0,0,0,0,1,0,1,1,0,0,0,0,1,0,0,0,0,1,0,1,1,0,0,0
2008-10-01,2855980.0,0.0,835333.0,177968.0,210059.0,228215.0,0.0,500975.0,0.0,0.0,149661.0,211640.0,542129.0,2855980.0,0.0,835853.0,181662.0,196035.0,222539.0,0.0,497163.0,0.0,0.0,151298.0,215006.0,556424.0,-1.0,-1.8369701987210297e-16,31,0,1,0,0,0,0,1,0,1,1,0,0,0,0,1,0,0,0,0,1,0,1,1,0,0,0
2008-11-01,2741710.0,0.0,779226.0,194947.0,202217.0,212475.0,0.0,482811.0,0.0,0.0,143585.0,207495.0,518954.0,2741710.0,0.0,795516.0,194307.0,182502.0,211158.0,0.0,477831.0,0.0,0.0,142725.0,208627.0,529044.0,-0.8660254037844386,0.5000000000000001,30,0,1,0,0,0,0,1,0,1,1,0,0,0,0,1,0,0,0,0,1,0,1,1,0,0,0
2008-12-01,2658273.0,0.0,790802.0,164514.0,197087.0,210570.0,0.0,469141.0,0.0,0.0,134604.0,197278.0,494277.0,2658273.0,0.0,804471.0,164424.0,176421.0,204413.0,0.0,462151.0,0.0,0.0,136257.0,201061.0,509075.0,-0.5000000000000004,0.8660254037844384,31,0,1,0,0,0,0,1,0,1,1,0,0,0,0,1,0,0,0,0,1,0,1,1,0,0,0
2009-01-01,2786684.0,0.0,825916.0,195664.0,199050.0,190034.0,0.0,455950.0,0.0,0.0,167103.0,206625.0,546342.0,2786684.0,0.0,797469.0,188149.0,187045.0,186406.0,0.0,464255.0,0.0,0.0,175324.0,212539.0,575497.0,0.0,1.0,31,0,1,0,0,0,0,1,0,1,1,0,0,0,0,1,0,0,0,0,1,0,1,1,0,0,0
2009-02-01,2396835.0,0.0,688274.0,150529.0,175439.0,185163.0,0.0,418382.0,0.0,0.0,128850.0,175767.0,474431.0,2396835.0,0.0,729301.0,156648.0,169183.0,186110.0,0.0,409599.0,0.0,0.0,121050.0,171326.0,453618.0,0.49999999999999994,0.8660254037844387,28,0,1,0,0,0,0,1,0,1,1,0,0,0,0,1,0,0,0,0,1,0,1,1,0,0,0
2009-03-01,2648005.0,0.0,783356.0,166754.0,192010.0,204132.0,0.0,465823.0,0.0,0.0,145521.0,193318.0,497091.0,2648005.0,0.0,802816.0,169352.0,179181.0,202141.0,0.0,462143.0,0.0,0.0,142722.0,193881.0,495769.0,0.8660254037844386,0.5000000000000001,31,0,1,0,0,0,0,1,0,1,1,0,0,0,0,1,0,0,0,0,1,0,1,1,0,0,0
2009-04-01,2582952.0,0.0,757570.0,165893.0,193021.0,200386.0,0.0,443555.0,0.0,0.0,149719.0,191860.0,480948.0,2582952.0,0.0,768135.0,164560.0,179133.0,197384.0,0.0,445080.0,0.0,0.0,148308.0,193779.0,486573.0,1.0,6.123233995736766e-17,30,0,1,0,0,0,0,1,0,1,1,0,0,0,0,1,0,0,0,0,1,0,1,1,0,0,0
2009-05-01,2752003.0,0.0,800042.0,179636.0,197433.0,212190.0,0.0,468849.0,0.0,0.0,154776.0,205411.0,533666.0,2752003.0,0.0,812172.0,180460.0,185763.0,209426.0,0.0,469961.0,0.0,0.0,154490.0,205958.0,533773.0,0.8660254037844387,-0.4999999999999998,31,0,1,0,0,0,0,1,0,1,1,0,0,0,0,1,0,0,0,0,1,0,1,1,0,0,0
2009-06-01,2436486.0,0.0,717723.0,156060.0,181455.0,197523.0,0.0,423334.0,0.0,0.0,124947.0,179161.0,456283.0,2436486.0,0.0,733397.0,156823.0,171674.0,197966.0,0.0,421430.0,0.0,0.0,124366.0,180140.0,450690.0,0.49999999999999994,-0.8660254037844387,30,0,1,0,0,0,0,1,0,1,1,0,0,0,0,1,0,0,0,0,1,0,1,1,0,0,0
2009-07-01,2957323.0,0.0,872001.0,189528.0,218003.0,234513.0,0.0,498746.0,0.0,0.0,153960.0,215278.0,575294.0,2957323.0,0.0,875622.0,185138.0,207180.0,231929.0,0.0,501061.0,0.0,0.0,155299.0,219164.0,581930.0,1.2246467991473532e-16,-1.0,31,0,1,0,0,0,0,1,0,1,1,0,0,0,0,1,0,0,0,0,1,0,1,1,0,0,0
2009-08-01,2716287.0,0.0,790551.0,174390.0,204045.0,211494.0,0.0,457705.0,0.0,0.0,141083.0,193186.0,543833.0,2716287.0,0.0,816999.0,173947.0,192921.0,212322.0,0.0,454608.0,0.0,0.0,138974.0,193765.0,532751.0,-0.4999999999999997,-0.8660254037844388,31,0,1,0,0,0,0,1,0,1,1,0,0,0,0,1,0,0,0,0,1,0,1,1,0,0,0
2009-09-01,2440872.0,0.0,709012.0,155398.0,191511.0,201951.0,0.0,428101.0,0.0,0.0,123152.0,179087.0,452660.0,2440872.0,0.0,729833.0,155389.0,175298.0,200413.0,0.0,426412.0,0.0,0.0,123562.0,181353.0,448612.0,-0.8660254037844385,-0.5000000000000004,30,0,1,0,0,0,0,1,0,1,1,0,0,0,0,1,0,0,0,0,1,0,1,1,0,0,0
2009-10-01,2839086.0,0.0,826448.0,182661.0,212423.0,231033.0,0.0,507973.0,0.0,0.0,149364.0,211015.0,518169.0,2839086.0,0.0,833884.0,181597.0,202884.0,225857.0,0.0,506010.0,0.0,0.0,151725.0,214465.0,522664.0,-1.0,-1.8369701987210297e-16,31,0,1,0,0,0,0,1,0,1,1,0,0,0,0,1,0,0,0,0,1,0,1,1,0,0,0
2009-11-01,2814651.0,0.0,810689.0,178348.0,219068.0,227377.0,0.0,500936.0,0.0,0.0,145491.0,212080.0,520662.0,2814651.0,0.0,840143.0,178549.0,199889.0,225411.0,0.0,494758.0,0.0,0.0,144129.0,212538.0,519234.0,-0.8660254037844386,0.5000000000000001,30,0,1,0,0,0,0,1,0,1,1,0,0,0,0,1,0,0,0,0,1,0,1,1,0,0,0
2009-12-01,2978076.0,0.0,875023.0,185580.0,233989.0,246016.0,0.0,529602.0,0.0,0.0,151435.0,217837.0,538594.0,2978076.0,0.0,898116.0,183642.0,211155.0,237771.0,0.0,522797.0,0.0,0.0,152149.0,221387.0,551059.0,-0.5000000000000004,0.8660254037844384,31,0,1,0,0,0,0,1,0,1,1,0,0,0,0,1,0,0,0,0,1,0,1,1,0,0,0
2010-01-01,2870737.0,0.0,837597.0,184671.0,219220.0,234071.0,0.0,507401.0,0.0,0.0,145056.0,211482.0,531239.0,2870737.0,0.0,846476.0,185164.0,214726.0,234622.0,0.0,505147.0,0.0,0.0,145377.0,212943.0,526282.0,0.0,1.0,31,0,1,0,0,0,0,1,0,1,1,0,0,0,0,1,0,0,0,0,1,0,1,1,0,0,0
2010-02-01,3047303.0,0.0,856473.0,210011.0,239541.0,222992.0,0.0,504405.0,0.0,0.0,186472.0,224069.0,603340.0,3047303.0,0.0,874562.0,212823.0,225767.0,219249.0,0.0,499482.0,0.0,0.0,186269.0,226027.0,603124.0,0.49999999999999994,0.8660254037844387,28,0,1,0,0,0,0,1,0,1,1,0,0,0,0,1,0,0,0,0,1,0,1,1,0,0,0
2010-03-01,2938307.0,0.0,865193.0,182421.0,233284.0,247349.0,0.0,537172.0,0.0,0.0,148220.0,208957.0,515711.0,2938307.0,0.0,880035.0,184531.0,216426.0,244017.0,0.0,534332.0,0.0,0.0,147091.0,211763.0,520112.0,0.8660254037844386,0.5000000000000001,31,0,1,0,0,0,0,1,0,1,1,0,0,0,0,1,0,0,0,0,1,0,1,1,0,0,0
2010-04-01,3090380.0,0.0,895469.0,208637.0,244459.0,252936.0,0.0,538985.0,0.0,0.0,169504.0,224926.0,555464.0,3090380.0,0.0,894041.0,220141.0,228974.0,248100.0,0.0,540946.0,0.0,0.0,171749.0,229325.0,557104.0,1.0,6.123233995736766e-17,30,0,1,0,0,0,0,1,0,1,1,0,0,0,0,1,0,0,0,0,1,0,1,1,0,0,0
2010-05-01,3212410.0,0.0,937250.0,236170.0,251171.0,264999.0,0.0,563287.0,0.0,0.0,166382.0,231190.0,561961.0,3212410.0,0.0,938826.0,264237.0,236409.0,261347.0,0.0,558780.0,0.0,0.0,164355.0,230984.0,557472.0,0.8660254037844387,-0.4999999999999998,31,0,1,0,0,0,0,1,0,1,1,0,0,0,0,1,0,0,0,0,1,0,1,1,0,0,0
2010-06-01,2983161.0,0.0,858872.0,194810.0,247812.0,256351.0,0.0,534190.0,0.0,0.0,150838.0,214154.0,526134.0,2983161.0,0.0,872380.0,203551.0,231090.0,255090.0,0.0,528413.0,0.0,0.0,151061.0,215213.0,526363.0,0.49999999999999994,-0.8660254037844387,30,0,1,0,0,0,0,1,0,1,1,0,0,0,0,1,0,0,0,0,1,0,1,1,0,0,0
2010-07-01,3160655.0,0.0,909089.0,213768.0,266363.0,276900.0,0.0,554839.0,0.0,0.0,155801.0,224985.0,558910.0,3160655.0,0.0,906118.0,218786.0,256867.0,270614.0,0.0,552853.0,0.0,0.0,160004.0,229075.0,566338.0,1.2246467991473532e-16,-1.0,31,0,1,0,0,0,0,1,0,1,1,0,0,0,0,1,0,0,0,0,1,0,1,1,0,0,0
2010-08-01,3188488.0,0.0,909453.0,206939.0,266619.0,283844.0,0.0,562880.0,0.0,0.0,160571.0,223641.0,574541.0,3188488.0,0.0,931090.0,222522.0,254088.0,280671.0,0.0,555325.0,0.0,0.0,158747.0,225350.0,560695.0,-0.4999999999999997,-0.8660254037844388,31,0,1,0,0,0,0,1,0,1,1,0,0,0,0,1,0,0,0,0,1,0,1,1,0,0,0
2010-09-01,2865777.0,0.0,820902.0,187002.0,246607.0,260777.0,0.0,513383.0,0.0,0.0,139833.0,204023.0,493250.0,2865777.0,0.0,839423.0,198657.0,228804.0,258284.0,0.0,507774.0,0.0,0.0,140973.0,205335.0,486527.0,-0.8660254037844385,-0.5000000000000004,30,0,1,0,0,0,0,1,0,1,1,0,0,0,0,1,0,0,0,0,1,0,1,1,0,0,0
2010-10-01,3114371.0,0.0,896213.0,202571.0,262533.0,283126.0,0.0,565871.0,0.0,0.0,153271.0,222071.0,528715.0,3114371.0,0.0,906585.0,213819.0,248417.0,279151.0,0.0,557613.0,0.0,0.0,153346.0,223574.0,531866.0,-1.0,-1.8369701987210297e-16,31,0,1,0,0,0,0,1,0,1,1,0,0,0,0,1,0,0,0,0,1,0,1,1,0,0,0
2010-11-01,3114886.0,0.0,914325.0,199093.0,265352.0,281543.0,0.0,559209.0,0.0,0.0,151809.0,220955.0,522600.0,3114886.0,0.0,924486.0,213664.0,241263.0,279329.0,0.0,554005.0,0.0,0.0,153746.0,224863.0,523530.0,-0.8660254037844386,0.5000000000000001,30,0,1,0,0,0,0,1,0,1,1,0,0,0,0,1,0,0,0,0,1,0,1,1,0,0,0
2010-12-01,3353121.0,0.0,995133.0,210447.0,281356.0,309287.0,0.0,610326.0,0.0,0.0,158184.0,236972.0,551416.0,3353121.0,0.0,1019153.0,228362.0,251707.0,296936.0,0.0,592727.0,0.0,0.0,160195.0,238860.0,565181.0,-0.5000000000000004,0.8660254037844384,31,0,1,0,0,0,0,1,0,1,1,0,0,0,0,1,0,0,0,0,1,0,1,1,0,0,0
2011-01-01,3154725.0,0.0,963148.0,208463.0,263425.0,280194.0,0.0,545436.0,0.0,0.0,141535.0,220893.0,531631.0,3154725.0,0.0,905604.0,212428.0,241843.0,279405.0,0.0,562736.0,0.0,0.0,156357.0,236229.0,560123.0,0.0,1.0,31,0,1,0,0,0,0,1,0,1,1,0,0,0,0,1,0,0,0,0,1,0,1,1,0,0,0
2011-02-01,3439685.0,0.0,974717.0,239941.0,261142.0,271654.0,0.0,589384.0,0.0,0.0,207056.0,245201.0,650590.0,3439685.0,0.0,999095.0,261437.0,262039.0,268034.0,0.0,578514.0,0.0,0.0,197424.0,244631.0,628511.0,0.49999999999999994,0.8660254037844387,28,0,1,0,0,0,0,1,0,1,1,0,0,0,0,1,0,0,0,0,1,0,1,1,0,0,0
2011-03-01,3258311.0,0.0,988899.0,208435.0,264357.0,291530.0,0.0,591824.0,0.0,0.0,154134.0,227893.0,531239.0,3258311.0,0.0,976978.0,232376.0,247988.0,289749.0,0.0,586879.0,0.0,0.0,156185.0,232645.0,535511.0,0.8660254037844386,0.5000000000000001,31,0,1,0,0,0,0,1,0,1,1,0,0,0,0,1,0,0,0,0,1,0,1,1,0,0,0
2011-04-01,3476554.0,0.0,1029505.0,231907.0,283152.0,308046.0,0.0,615215.0,0.0,0.0,187955.0,238846.0,581928.0,3476554.0,0.0,1009509.0,251591.0,269325.0,306599.0,0.0,616977.0,0.0,0.0,189621.0,246303.0,586629.0,1.0,6.123233995736766e-17,30,0,1,0,0,0,0,1,0,1,1,0,0,0,0,1,0,0,0,0,1,0,1,1,0,0,0
2011-05-01,3318438.0,0.0,953951.0,219139.0,276125.0,301149.0,0.0,607821.0,0.0,0.0,167422.0,234921.0,557910.0,3318438.0,0.0,961389.0,250265.0,268334.0,304351.0,0.0,592305.0,0.0,0.0,163285.0,235248.0,543261.0,0.8660254037844387,-0.4999999999999998,31,0,1,0,0,0,0,1,0,1,1,0,0,0,0,1,0,0,0,0,1,0,1,1,0,0,0
2011-06-01,3380395.0,0.0,988571.0,223453.0,285274.0,304768.0,0.0,606443.0,0.0,0.0,164558.0,237009.0,570319.0,3380395.0,0.0,968525.0,257215.0,274985.0,304646.0,0.0,598546.0,0.0,0.0,163938.0,240098.0,572442.0,0.49999999999999994,-0.8660254037844387,30,0,1,0,0,0,0,1,0,1,1,0,0,0,0,1,0,0,0,0,1,0,1,1,0,0,0
2011-07-01,3691078.0,0.0,1074902.0,245363.0,315289.0,334465.0,0.0,659702.0,0.0,0.0,179493.0,251407.0,630457.0,3691078.0,0.0,1051753.0,278391.0,305813.0,336123.0,0.0,652977.0,0.0,0.0,180549.0,256158.0,629314.0,1.2246467991473532e-16,-1.0,31,0,1,0,0,0,0,1,0,1,1,0,0,0,0,1,0,0,0,0,1,0,1,1,0,0,0
2011-08-01,3500945.0,0.0,1026287.0,229131.0,300906.0,318114.0,0.0,633802.0,0.0,0.0,164604.0,237490.0,590611.0,3500945.0,0.0,1008738.0,267813.0,287944.0,321422.0,0.0,624489.0,0.0,0.0,164500.0,241182.0,584857.0,-0.4999999999999997,-0.8660254037844388,31,0,1,0,0,0,0,1,0,1,1,0,0,0,0,1,0,0,0,0,1,0,1,1,0,0,0
2011-09-01,3474884.0,0.0,1016296.0,233316.0,296462.0,318525.0,0.0,633019.0,0.0,0.0,167509.0,237178.0,572579.0,3474884.0,0.0,990436.0,268622.0,281564.0,321135.0,0.0,626842.0,0.0,0.0,168362.0,242882.0,575041.0,-0.8660254037844385,-0.5000000000000004,30,0,1,0,0,0,0,1,0,1,1,0,0,0,0,1,0,0,0,0,1,0,1,1,0,0,0
2011-10-01,3702168.0,0.0,1078353.0,248633.0,318514.0,330524.0,0.0,680415.0,0.0,0.0,178495.0,253252.0,613982.0,3702168.0,0.0,1055576.0,288171.0,307479.0,335285.0,0.0,671163.0,0.0,0.0,176969.0,257645.0,609880.0,-1.0,-1.8369701987210297e-16,31,0,1,0,0,0,0,1,0,1,1,0,0,0,0,1,0,0,0,0,1,0,1,1,0,0,0
2011-11-01,3540421.0,0.0,1046961.0,234417.0,304298.0,324014.0,0.0,648927.0,0.0,0.0,166453.0,243031.0,572320.0,3540421.0,0.0,1016189.0,283575.0,284420.0,327030.0,0.0,643065.0,0.0,0.0,165211.0,247663.0,573268.0,-0.8660254037844386,0.5000000000000001,30,0,1,0,0,0,0,1,0,1,1,0,0,0,0,1,0,0,0,0,1,0,1,1,0,0,0
2011-12-01,3691699.0,0.0,1109001.0,243238.0,314716.0,344368.0,0.0,676078.0,0.0,0.0,169017.0,251092.0,584189.0,3691699.0,0.0,1068284.0,297262.0,288656.0,342683.0,0.0,668625.0,0.0,0.0,169565.0,256758.0,599866.0,-0.5000000000000004,0.8660254037844384,31,0,1,0,0,0,0,1,0,1,1,0,0,0,0,1,0,0,0,0,1,0,1,1,0,0,0
2012-01-01,3940570.0,0.0,1110899.0,279418.0,327330.0,322668.0,0.0,688281.0,0.0,0.0,228522.0,276547.0,706905.0,3940570.0,0.0,1089500.0,295136.0,323199.0,327680.0,0.0,687659.0,0.0,0.0,232230.0,280422.0,704744.0,0.0,1.0,31,0,1,0,0,0,0,1,0,1,1,0,0,0,0,1,0,0,0,0,1,0,1,1,0,0,0
2012-02-01,3401837.0,0.0,960550.0,220626.0,291595.0,317487.0,0.0,633968.0,0.0,0.0,160348.0,234801.0,582462.0,3401837.0,0.0,977745.0,226142.0,283266.0,319486.0,0.0,620423.0,0.0,0.0,156772.0,238025.0,579978.0,0.49999999999999994,0.8660254037844387,29,0,1,0,0,0,0,1,0,1,1,0,0,0,0,1,0,0,0,0,1,0,1,1,0,0,0
2012-03-01,3612732.0,0.0,1046203.0,237633.0,318019.0,343455.0,0.0,667768.0,0.0,0.0,177279.0,246312.0,576063.0,3612732.0,0.0,1036041.0,233891.0,295061.0,342213.0,0.0,673865.0,0.0,0.0,184666.0,253881.0,593114.0,0.8660254037844386,0.5000000000000001,31,0,1,0,0,0,0,1,0,1,1,0,0,0,0,1,0,0,0,0,1,0,1,1,0,0,0
2012-04-01,3569495.0,0.0,993456.0,230333.0,318471.0,334559.0,0.0,667598.0,0.0,0.0,188243.0,244697.0,592138.0,3569495.0,0.0,1022830.0,238649.0,305525.0,340855.0,0.0,648921.0,0.0,0.0,180994.0,247240.0,584481.0,1.0,6.123233995736766e-17,30,0,1,0,0,0,0,1,0,1,1,0,0,0,0,1,0,0,0,0,1,0,1,1,0,0,0
2012-05-01,3577726.0,0.0,1008277.0,231455.0,316196.0,342042.0,0.0,664920.0,0.0,0.0,174085.0,247298.0,593453.0,3577726.0,0.0,1024218.0,235562.0,304778.0,347693.0,0.0,657404.0,0.0,0.0,172112.0,251191.0,584768.0,0.8660254037844387,-0.4999999999999998,31,0,1,0,0,0,0,1,0,1,1,0,0,0,0,1,0,0,0,0,1,0,1,1,0,0,0
2012-06-01,3482425.0,0.0,996786.0,225334.0,315375.0,341271.0,0.0,636733.0,0.0,0.0,163322.0,236659.0,566945.0,3482425.0,0.0,993796.0,223731.0,303250.0,345558.0,0.0,635799.0,0.0,0.0,167396.0,242987.0,569908.0,0.49999999999999994,-0.8660254037844387,30,0,1,0,0,0,0,1,0,1,1,0,0,0,0,1,0,0,0,0,1,0,1,1,0,0,0
2012-07-01,3902874.0,0.0,1091466.0,252324.0,351383.0,362314.0,0.0,716227.0,0.0,0.0,190333.0,268121.0,670706.0,3902874.0,0.0,1107427.0,258608.0,341225.0,371773.0,0.0,705241.0,0.0,0.0,186678.0,270109.0,661813.0,1.2246467991473532e-16,-1.0,31,0,1,0,0,0,0,1,0,1,1,0,0,0,0,1,0,0,0,0,1,0,1,1,0,0,0
2012-08-01,3730155.0,0.0,1058689.0,243051.0,341070.0,356819.0,0.0,680274.0,0.0,0.0,176850.0,249260.0,624142.0,3730155.0,0.0,1057507.0,244478.0,327185.0,359963.0,0.0,680295.0,0.0,0.0,180509.0,253588.0,626630.0,-0.4999999999999997,-0.8660254037844388,31,0,1,0,0,0,0,1,0,1,1,0,0,0,0,1,0,0,0,0,1,0,1,1,0,0,0
2012-09-01,3696134.0,0.0,1046297.0,238448.0,335004.0,353040.0,0.0,688061.0,0.0,0.0,175567.0,251747.0,607970.0,3696134.0,0.0,1043177.0,238828.0,312808.0,360851.0,0.0,689504.0,0.0,0.0,176936.0,259208.0,614822.0,-0.8660254037844385,-0.5000000000000004,30,0,1,0,0,0,0,1,0,1,1,0,0,0,0,1,0,0,0,0,1,0,1,1,0,0,0
2012-10-01,3826495.0,0.0,1073743.0,245853.0,343886.0,365281.0,0.0,720954.0,0.0,0.0,182824.0,261188.0,632766.0,3826495.0,0.0,1104154.0,251620.0,340238.0,373333.0,0.0,700123.0,0.0,0.0,177044.0,260387.0,619596.0,-1.0,-1.8369701987210297e-16,31,0,1,0,0,0,0,1,0,1,1,0,0,0,0,1,0,0,0,0,1,0,1,1,0,0,0
2012-11-01,3762009.0,0.0,1071526.0,241468.0,344009.0,359685.0,0.0,704918.0,0.0,0.0,177379.0,259526.0,603498.0,3762009.0,0.0,1077098.0,241970.0,322754.0,365690.0,0.0,700285.0,0.0,0.0,178412.0,265605.0,610195.0,-0.8660254037844386,0.5000000000000001,30,0,1,0,0,0,0,1,0,1,1,0,0,0,0,1,0,0,0,0,1,0,1,1,0,0,0
2012-12-01,4023302.0,0.0,1155840.0,264495.0,363374.0,380820.0,0.0,743342.0,0.0,0.0,186860.0,274916.0,653655.0,4023302.0,0.0,1143658.0,256422.0,337315.0,384060.0,0.0,736155.0,0.0,0.0,192161.0,284397.0,689134.0,-0.5000000000000004,0.8660254037844384,31,0,1,0,0,0,0,1,0,1,1,0,0,0,0,1,0,0,0,0,1,0,1,1,0,0,0
2013-01-01,3647415.0,0.0,1033580.0,233355.0,322834.0,351747.0,0.0,672704.0,0.0,0.0,169596.0,253704.0,609895.0,3647415.0,0.0,1056132.0,240694.0,322690.0,366539.0,0.0,667716.0,0.0,0.0,163849.0,251678.0,578117.0,0.0,1.0,31,0,1,0,0,0,0,1,0,1,1,0,0,0,0,1,0,0,0,0,1,0,1,1,0,0,0
2013-02-01,3956747.0,0.0,1070195.0,278116.0,361331.0,382703.0,0.0,687412.0,0.0,0.0,228204.0,269483.0,679303.0,3956747.0,0.0,1075441.0,283638.0,359019.0,381690.0,0.0,674004.0,0.0,0.0,225930.0,273833.0,683192.0,0.49999999999999994,0.8660254037844387,28,0,1,0,0,0,0,1,0,1,1,0,0,0,0,1,0,0,0,0,1,0,1,1,0,0,0
2013-03-01,4245483.0,0.0,1181214.0,273673.0,404370.0,475961.0,0.0,779764.0,0.0,0.0,202530.0,277646.0,650325.0,4245483.0,0.0,1190556.0,279793.0,387540.0,470799.0,0.0,778574.0,0.0,0.0,202377.0,280377.0,655467.0,0.8660254037844386,0.5000000000000001,31,0,1,0,0,0,0,1,0,1,1,0,0,0,0,1,0,0,0,0,1,0,1,1,0,0,0
2013-04-01,3913418.0,0.0,1096156.0,257583.0,361274.0,359437.0,0.0,720950.0,0.0,0.0,206630.0,269613.0,641775.0,3913418.0,0.0,1095468.0,259420.0,348307.0,368029.0,0.0,716725.0,0.0,0.0,205072.0,276944.0,643453.0,1.0,6.123233995736766e-17,30,0,1,0,0,0,0,1,0,1,1,0,0,0,0,1,0,0,0,0,1,0,1,1,0,0,0
2013-05-01,3904892.0,0.0,1098337.0,252811.0,354083.0,371314.0,0.0,739608.0,0.0,0.0,189237.0,270579.0,628923.0,3904892.0,0.0,1099319.0,254083.0,345241.0,375129.0,0.0,735068.0,0.0,0.0,188970.0,274743.0,632339.0,0.8660254037844387,-0.4999999999999998,31,0,1,0,0,0,0,1,0,1,1,0,0,0,0,1,0,0,0,0,1,0,1,1,0,0,0
2013-06-01,3890726.0,0.0,1092694.0,253056.0,354650.0,363113.0,0.0,728205.0,0.0,0.0,186504.0,268442.0,644062.0,3890726.0,0.0,1100044.0,253459.0,353280.0,371875.0,0.0,717841.0,0.0,0.0,184810.0,268593.0,640824.0,0.49999999999999994,-0.8660254037844387,30,0,1,0,0,0,0,1,0,1,1,0,0,0,0,1,0,0,0,0,1,0,1,1,0,0,0
2013-07-01,4052344.0,0.0,1126547.0,264417.0,377295.0,378908.0,0.0,744623.0,0.0,0.0,194427.0,279391.0,686736.0,4052344.0,0.0,1136202.0,265425.0,370892.0,385713.0,0.0,736216.0,0.0,0.0,193991.0,283127.0,680778.0,1.2246467991473532e-16,-1.0,31,0,1,0,0,0,0,1,0,1,1,0,0,0,0,1,0,0,0,0,1,0,1,1,0,0,0
2013-08-01,4136920.0,0.0,1164060.0,266018.0,375145.0,385852.0,0.0,764720.0,0.0,0.0,193463.0,280715.0,706947.0,4136920.0,0.0,1167534.0,267205.0,366606.0,394405.0,0.0,761950.0,0.0,0.0,195061.0,283882.0,700277.0,-0.4999999999999997,-0.8660254037844388,31,0,1,0,0,0,0,1,0,1,1,0,0,0,0,1,0,0,0,0,1,0,1,1,0,0,0
2013-09-01,3975780.0,0.0,1100267.0,259981.0,366354.0,361838.0,0.0,744284.0,0.0,0.0,195431.0,272282.0,675343.0,3975780.0,0.0,1112147.0,261753.0,352133.0,373263.0,0.0,735973.0,0.0,0.0,193701.0,277122.0,669688.0,-0.8660254037844385,-0.5000000000000004,30,0,1,0,0,0,0,1,0,1,1,0,0,0,0,1,0,0,0,0,1,0,1,1,0,0,0
2013-10-01,3886353.0,0.0,1081148.0,246776.0,364006.0,367035.0,0.0,734550.0,0.0,0.0,180549.0,265431.0,646858.0,3886353.0,0.0,1094428.0,249260.0,351313.0,374787.0,0.0,725115.0,0.0,0.0,178502.0,269034.0,643914.0,-1.0,-1.8369701987210297e-16,31,0,1,0,0,0,0,1,0,1,1,0,0,0,0,1,0,0,0,0,1,0,1,1,0,0,0
2013-11-01,3861841.0,0.0,1097149.0,249841.0,365293.0,362926.0,0.0,732462.0,0.0,0.0,177891.0,270145.0,606134.0,3861841.0,0.0,1094721.0,246284.0,346484.0,369919.0,0.0,728607.0,0.0,0.0,181836.0,276983.0,617007.0,-0.8660254037844386,0.5000000000000001,30,0,1,0,0,0,0,1,0,1,1,0,0,0,0,1,0,0,0,0,1,0,1,1,0,0,0
2013-12-01,4014940.0,0.0,1140178.0,257900.0,369404.0,374777.0,0.0,768428.0,0.0,0.0,187512.0,279523.0,637218.0,4014940.0,0.0,1163016.0,257721.0,346462.0,381822.0,0.0,749285.0,0.0,0.0,183304.0,282211.0,651119.0,-0.5000000000000004,0.8660254037844384,31,0,1,0,0,0,0,1,0,1,1,0,0,0,0,1,0,0,0,0,1,0,1,1,0,0,0
2014-01-01,3799436.0,0.0,1151134.0,271808.0,355730.0,351470.0,0.0,670822.0,0.0,0.0,160210.0,249350.0,588912.0,3799436.0,0.0,1005858.0,229455.0,330500.0,353900.0,0.0,713565.0,0.0,0.0,217815.0,280514.0,667829.0,0.0,1.0,31,0,1,0,0,0,0,1,0,1,1,0,0,0,0,1,0,0,0,0,1,0,1,1,0,0,0
2014-02-01,3832719.0,0.0,1011670.0,240589.0,331638.0,330898.0,0.0,733359.0,0.0,0.0,231858.0,272787.0,679920.0,3832719.0,0.0,1131693.0,279433.0,346552.0,342106.0,0.0,684500.0,0.0,0.0,181146.0,255777.0,611512.0,0.49999999999999994,0.8660254037844387,28,0,1,0,0,0,0,1,0,1,1,0,0,0,0,1,0,0,0,0,1,0,1,1,0,0,0
2014-03-01,4001023.0,0.0,1139429.0,251902.0,360451.0,369692.0,0.0,765495.0,0.0,0.0,199884.0,281638.0,632532.0,4001023.0,0.0,1163177.0,260863.0,349494.0,384550.0,0.0,750238.0,0.0,0.0,192563.0,278887.0,621251.0,0.8660254037844386,0.5000000000000001,31,0,1,0,0,0,0,1,0,1,1,0,0,0,0,1,0,0,0,0,1,0,1,1,0,0,0
2014-04-01,3984512.0,0.0,1116071.0,268057.0,369870.0,362034.0,0.0,745574.0,0.0,0.0,209656.0,272969.0,640281.0,3984512.0,0.0,1114250.0,268380.0,357621.0,369016.0,0.0,740245.0,0.0,0.0,208561.0,280765.0,645674.0,1.0,6.123233995736766e-17,30,0,1,0,0,0,0,1,0,1,1,0,0,0,0,1,0,0,0,0,1,0,1,1,0,0,0
2014-05-01,4029882.0,0.0,1147981.0,268309.0,375364.0,370753.0,0.0,754004.0,0.0,0.0,191553.0,272780.0,649138.0,4029882.0,0.0,1110420.0,257829.0,361218.0,375913.0,0.0,760608.0,0.0,0.0,204282.0,285821.0,673791.0,0.8660254037844387,-0.4999999999999998,31,0,1,0,0,0,0,1,0,1,1,0,0,0,0,1,0,0,0,0,1,0,1,1,0,0,0
2014-06-01,3915932.0,0.0,1077859.0,247431.0,362589.0,354875.0,0.0,743994.0,0.0,0.0,193556.0,273485.0,662143.0,3915932.0,0.0,1126663.0,259463.0,361968.0,372379.0,0.0,716948.0,0.0,0.0,178589.0,267984.0,631938.0,0.49999999999999994,-0.8660254037844387,30,0,1,0,0,0,0,1,0,1,1,0,0,0,0,1,0,0,0,0,1,0,1,1,0,0,0
2014-07-01,4078266.0,0.0,1148055.0,266550.0,383657.0,375441.0,0.0,755222.0,0.0,0.0,193681.0,276513.0,679147.0,4078266.0,0.0,1147243.0,264282.0,377320.0,385536.0,0.0,750681.0,0.0,0.0,193333.0,282100.0,677771.0,1.2246467991473532e-16,-1.0,31,0,1,0,0,0,0,1,0,1,1,0,0,0,0,1,0,0,0,0,1,0,1,1,0,0,0
2014-08-01,4139391.0,0.0,1171890.0,266172.0,381210.0,385697.0,0.0,781776.0,0.0,0.0,195168.0,278398.0,679080.0,4139391.0,0.0,1184486.0,266136.0,375023.0,397373.0,0.0,773199.0,0.0,0.0,193549.0,280725.0,668900.0,-0.4999999999999997,-0.8660254037844388,31,0,1,0,0,0,0,1,0,1,1,0,0,0,0,1,0,0,0,0,1,0,1,1,0,0,0
2014-09-01,3949938.0,0.0,1117138.0,261163.0,370834.0,365862.0,0.0,741881.0,0.0,0.0,190672.0,271083.0,631305.0,3949938.0,0.0,1119165.0,259903.0,359965.0,377086.0,0.0,735967.0,0.0,0.0,189729.0,275626.0,632497.0,-0.8660254037844385,-0.5000000000000004,30,0,1,0,0,0,0,1,0,1,1,0,0,0,0,1,0,0,0,0,1,0,1,1,0,0,0
2014-10-01,4155844.0,0.0,1174644.0,266751.0,384894.0,382044.0,0.0,788785.0,0.0,0.0,196724.0,286881.0,675121.0,4155844.0,0.0,1174097.0,265478.0,377425.0,391368.0,0.0,784143.0,0.0,0.0,196905.0,290901.0,675527.0,-1.0,-1.8369701987210297e-16,31,0,1,0,0,0,0,1,0,1,1,0,0,0,0,1,0,0,0,0,1,0,1,1,0,0,0
2014-11-01,4018332.0,0.0,1132083.0,260776.0,368832.0,374164.0,0.0,776443.0,0.0,0.0,194587.0,279847.0,631600.0,4018332.0,0.0,1138345.0,258151.0,353567.0,385239.0,0.0,766414.0,0.0,0.0,195355.0,284201.0,637060.0,-0.8660254037844386,0.5000000000000001,30,0,1,0,0,0,0,1,0,1,1,0,0,0,0,1,0,0,0,0,1,0,1,1,0,0,0
2014-12-01,4119483.0,0.0,1178017.0,274943.0,380183.0,389697.0,0.0,783654.0,0.0,0.0,188972.0,286666.0,637351.0,4119483.0,0.0,1173828.0,266991.0,360827.0,392318.0,0.0,774536.0,0.0,0.0,189862.0,295119.0,666002.0,-0.5000000000000004,0.8660254037844384,31,0,1,0,0,0,0,1,0,1,1,0,0,0,0,1,0,0,0,0,1,0,1,1,0,0,0
2015-01-01,3955998.0,0.0,1117774.0,261331.0,347997.0,364629.0,0.0,744214.0,0.0,0.0,186677.0,280832.0,652544.0,3955998.0,0.0,1124180.0,263712.0,357212.0,379654.0,0.0,739867.0,0.0,0.0,184446.0,277370.0,629557.0,0.0,1.0,31,0,1,0,0,0,0,1,0,1,1,0,0,0,0,1,0,0,0,0,1,0,1,1,0,0,0
2015-02-01,4140433.0,0.0,1154031.0,287412.0,366855.0,341142.0,0.0,752484.0,0.0,0.0,238955.0,287372.0,712182.0,4140433.0,0.0,1152420.0,290959.0,350037.0,346651.0,0.0,747682.0,0.0,0.0,238578.0,294293.0,719813.0,0.49999999999999994,0.8660254037844387,28,0,1,0,0,0,0,1,0,1,1,0,0,0,0,1,0,0,0,0,1,0,1,1,0,0,0
2015-03-01,4193956.0,0.0,1188431.0,269746.0,381019.0,392242.0,0.0,820286.0,0.0,0.0,202867.0,295369.0,643996.0,4193956.0,0.0,1200306.0,272069.0,377614.0,404583.0,0.0,803793.0,0.0,0.0,198595.0,293897.0,643099.0,0.8660254037844386,0.5000000000000001,31,0,1,0,0,0,0,1,0,1,1,0,0,0,0,1,0,0,0,0,1,0,1,1,0,0,0
2015-04-01,4175062.0,0.0,1178900.0,276342.0,382801.0,377849.0,0.0,783355.0,0.0,0.0,218269.0,294891.0,662655.0,4175062.0,0.0,1175630.0,276299.0,370773.0,385104.0,0.0,778287.0,0.0,0.0,216748.0,302203.0,670018.0,1.0,6.123233995736766e-17,30,0,1,0,0,0,0,1,0,1,1,0,0,0,0,1,0,0,0,0,1,0,1,1,0,0,0
2015-05-01,4213646.0,0.0,1176721.0,277236.0,382266.0,384653.0,0.0,803786.0,0.0,0.0,211147.0,297211.0,680626.0,4213646.0,0.0,1183797.0,279611.0,379104.0,398529.0,0.0,793717.0,0.0,0.0,207494.0,297699.0,673695.0,0.8660254037844387,-0.4999999999999998,31,0,1,0,0,0,0,1,0,1,1,0,0,0,0,1,0,0,0,0,1,0,1,1,0,0,0
2015-06-01,4087705.0,0.0,1148456.0,270765.0,376807.0,377848.0,0.0,766919.0,0.0,0.0,198559.0,289126.0,659225.0,4087705.0,0.0,1148764.0,270720.0,374581.0,388814.0,0.0,760146.0,0.0,0.0,196912.0,290996.0,656772.0,0.49999999999999994,-0.8660254037844387,30,0,1,0,0,0,0,1,0,1,1,0,0,0,0,1,0,0,0,0,1,0,1,1,0,0,0
2015-07-01,4211651.0,0.0,1192323.0,276415.0,387070.0,392979.0,0.0,794008.0,0.0,0.0,196739.0,292736.0,679381.0,4211651.0,0.0,1182381.0,273484.0,387165.0,400760.0,0.0,789149.0,0.0,0.0,199616.0,297763.0,681333.0,1.2246467991473532e-16,-1.0,31,0,1,0,0,0,0,1,0,1,1,0,0,0,0,1,0,0,0,0,1,0,1,1,0,0,0
2015-08-01,4194775.0,0.0,1179902.0,273269.0,385645.0,382815.0,0.0,795357.0,0.0,0.0,198811.0,288047.0,690929.0,4194775.0,0.0,1194134.0,276616.0,380666.0,398242.0,0.0,787028.0,0.0,0.0,195322.0,287406.0,675361.0,-0.4999999999999997,-0.8660254037844388,31,0,1,0,0,0,0,1,0,1,1,0,0,0,0,1,0,0,0,0,1,0,1,1,0,0,0
2015-09-01,4047485.0,0.0,1135538.0,266514.0,376464.0,374690.0,0.0,771508.0,0.0,0.0,196205.0,264091.0,662475.0,4047485.0,0.0,1136690.0,265286.0,364104.0,386595.0,0.0,770960.0,0.0,0.0,194918.0,267493.0,661439.0,-0.8660254037844385,-0.5000000000000004,30,0,1,0,0,0,0,1,0,1,1,0,0,0,0,1,0,0,0,0,1,0,1,1,0,0,0
2015-10-01,4241370.0,0.0,1197320.0,279761.0,397005.0,397691.0,0.0,815306.0,0.0,0.0,198839.0,274888.0,680560.0,4241370.0,0.0,1196149.0,278353.0,394102.0,405580.0,0.0,811846.0,0.0,0.0,199002.0,278983.0,677355.0,-1.0,-1.8369701987210297e-16,31,0,1,0,0,0,0,1,0,1,1,0,0,0,0,1,0,0,0,0,1,0,1,1,0,0,0
2015-11-01,4170979.0,0.0,1173268.0,273620.0,387287.0,387873.0,0.0,814119.0,0.0,0.0,197420.0,283433.0,653959.0,4170979.0,0.0,1190360.0,275295.0,377826.0,403743.0,0.0,794664.0,0.0,0.0,192126.0,285336.0,651629.0,-0.8660254037844386,0.5000000000000001,30,0,1,0,0,0,0,1,0,1,1,0,0,0,0,1,0,0,0,0,1,0,1,1,0,0,0
2015-12-01,4928818.0,0.0,1359694.0,337328.0,453243.0,418478.0,94069.0,822321.0,88066.0,139300.0,193106.0,309123.0,714090.0,4928818.0,0.0,1358096.0,328895.0,432369.0,424458.0,93874.0,818885.0,90477.0,141362.0,196392.0,314139.0,729871.0,-0.5000000000000004,0.8660254037844384,31,0,1,0,0,0,0,0,0,0,0,0,0,0,0,1,0,0,0,0,0,0,0,0,0,0,0
2016-01-01,4604235.0,0.0,1293382.0,301752.0,431776.0,389842.0,52823.0,786163.0,47015.0,87244.0,196435.0,304733.0,713070.0,4604235.0,0.0,1283222.0,304502.0,434453.0,410785.0,54260.0,779817.0,49675.0,89219.0,194548.0,301428.0,702326.0,0.0,1.0,31,0,1,0,0,0,0,0,0,0,0,0,0,0,0,1,0,0,0,0,0,0,0,0,0,0,0
2016-02-01,4841423.0,0.0,1284188.0,356921.0,561404.0,390556.0,56235.0,781758.0,53910.0,97678.0,234131.0,288017.0,736625.0,4841423.0,0.0,1298546.0,369601.0,552195.0,399454.0,56653.0,780734.0,52520.0,95821.0,226840.0,289361.0,719698.0,0.49999999999999994,0.8660254037844387,29,0,1,0,0,0,0,0,0,0,0,0,0,0,0,1,0,0,0,0,0,0,0,0,0,0,0
2016-03-01,4611193.0,0.0,1287535.0,317538.0,503644.0,412425.0,46715.0,792324.0,37635.0,72073.0,193655.0,290146.0,657503.0,4611193.0,0.0,1283401.0,318263.0,492075.0,426728.0,47681.0,783746.0,40212.0,73387.0,195012.0,290272.0,660416.0,0.8660254037844386,0.5000000000000001,31,0,1,0,0,0,0,0,0,0,0,0,0,0,0,1,0,0,0,0,0,0,0,0,0,0,0
2016-04-01,4654341.0,0.0,1292814.0,314319.0,429241.0,394003.0,48286.0,813665.0,45227.0,87219.0,222250.0,303290.0,704027.0,4654341.0,0.0,1272263.0,310843.0,420585.0,406186.0,50326.0,812295.0,48017.0,89709.0,224344.0,309985.0,709788.0,1.0,6.123233995736766e-17,30,0,1,0,0,0,0,0,0,0,0,0,0,0,0,1,0,0,0,0,0,0,0,0,0,0,0
2016-05-01,4618120.0,0.0,1265952.0,300617.0,422598.0,399515.0,49801.0,827691.0,42786.0,82715.0,207401.0,308524.0,710520.0,4618120.0,0.0,1288292.0,307284.0,421550.0,418620.0,49193.0,812044.0,42816.0,80186.0,198703.0,303984.0,695448.0,0.8660254037844387,-0.4999999999999998,31,0,1,0,0,0,0,0,0,0,0,0,0,0,0,1,0,0,0,0,0,0,0,0,0,0,0
2016-06-01,4563193.0,0.0,1266635.0,296667.0,423743.0,391306.0,45321.0,795964.0,39871.0,79482.0,200378.0,305436.0,718390.0,4563193.0,0.0,1252594.0,297127.0,425610.0,405476.0,46943.0,788955.0,42239.0,80837.0,200451.0,305470.0,717491.0,0.49999999999999994,-0.8660254037844387,30,0,1,0,0,0,0,0,0,0,0,0,0,0,0,1,0,0,0,0,0,0,0,0,0,0,0
2016-07-01,4737535.0,119927.0,1214996.0,309437.0,440988.0,408832.0,47970.0,829059.0,41035.0,81690.0,207682.0,306525.0,729394.0,4737535.0,116082.0,1209255.0,309178.0,439919.0,421824.0,48927.0,824217.0,42889.0,82893.0,207668.0,307675.0,727008.0,1.2246467991473532e-16,-1.0,31,0,0,0,0,0,0,0,0,0,0,0,0,0,0,0,0,0,0,0,0,0,0,0,0,0,0
2016-08-01,4762706.0,131889.0,1211900.0,304121.0,441490.0,420532.0,48845.0,836368.0,41167.0,82710.0,201368.0,308294.0,734022.0,4762706.0,129078.0,1222014.0,306877.0,436582.0,434466.0,50109.0,828232.0,42309.0,82360.0,198875.0,307708.0,724096.0,-0.4999999999999997,-0.8660254037844388,31,0,0,0,0,0,0,0,0,0,0,0,0,0,0,0,0,0,0,0,0,0,0,0,0,0,0
2016-09-01,4420684.0,136123.0,1102873.0,288809.0,422707.0,381733.0,46707.0,771282.0,41325.0,80193.0,193232.0,290229.0,665471.0,4420684.0,123353.0,1102605.0,287816.0,414937.0,394957.0,47638.0,770220.0,42838.0,81011.0,192931.0,294593.0,667785.0,-0.8660254037844385,-0.5000000000000004,30,0,0,0,0,0,0,0,0,0,0,0,0,0,0,0,0,0,0,0,0,0,0,0,0,0,0
2016-10-01,4923512.0,144465.0,1226585.0,319318.0,460147.0,422272.0,54572.0,878642.0,44938.0,91595.0,216486.0,321252.0,743240.0,4923512.0,134204.0,1239238.0,322119.0,459369.0,438674.0,54960.0,863681.0,45538.0,91141.0,213227.0,321308.0,740053.0,-1.0,-1.8369701987210297e-16,31,0,0,0,0,0,0,0,0,0,0,0,0,0,0,0,0,0,0,0,0,0,0,0,0,0,0
2016-11-01,4684505.0,137415.0,1176944.0,301758.0,440623.0,413260.0,52477.0,839180.0,40961.0,82096.0,196318.0,310634.0,692839.0,4684505.0,129649.0,1187261.0,301011.0,433873.0,427272.0,52826.0,830159.0,41848.0,81771.0,195807.0,310903.0,692125.0,-0.8660254037844386,0.5000000000000001,30,0,0,0,0,0,0,0,0,0,0,0,0,0,0,0,0,0,0,0,0,0,0,0,0,0,0
2016-12-01,5164763.0,156229.0,1318484.0,361888.0,486706.0,455347.0,58272.0,909884.0,46141.0,90037.0,213367.0,336875.0,731533.0,5164763.0,141338.0,1310719.0,344459.0,473980.0,464315.0,60180.0,910569.0,49821.0,92213.0,220785.0,344860.0,751524.0,-0.5000000000000004,0.8660254037844384,31,0,0,0,0,0,0,0,0,0,0,0,0,0,0,0,0,0,0,0,0,0,0,0,0,0,0
2017-01-01,5175232.0,177147.0,1297560.0,364208.0,483511.0,420192.0,62110.0,868111.0,56335.0,106649.0,239972.0,330960.0,768477.0,5175232.0,145550.0,1231526.0,349125.0,479814.0,429126.0,64564.0,878365.0,61494.0,115198.0,261618.0,347126.0,811726.0,0.0,1.0,31,0,0,0,0,0,0,0,0,0,0,0,0,0,0,0,0,0,0,0,0,0,0,0,0,0,0
2017-02-01,4792273.0,141632.0,1094464.0,291300.0,445073.0,388698.0,59514.0,829275.0,76652.0,182452.0,232763.0,317741.0,732709.0,4792273.0,140657.0,1189289.0,321626.0,461641.0,410237.0,57867.0,791349.0,71226.0,166504.0,204622.0,301572.0,675683.0,0.49999999999999994,0.8660254037844387,28,0,0,0,0,0,0,0,0,0,0,0,0,0,0,0,0,0,0,0,0,0,0,0,0,0,0
2017-03-01,4949836.0,167962.0,1225215.0,316522.0,476995.0,438740.0,56863.0,876576.0,46958.0,90728.0,211523.0,319367.0,722387.0,4949836.0,152384.0,1211425.0,312239.0,456367.0,448235.0,58084.0,879076.0,50459.0,94395.0,219325.0,326181.0,741666.0,0.8660254037844386,0.5000000000000001,31,0,0,0,0,0,0,0,0,0,0,0,0,0,0,0,0,0,0,0,0,0,0,0,0,0,0
2017-04-01,5095172.0,173857.0,1222329.0,331723.0,525758.0,431167.0,61311.0,886204.0,56097.0,104225.0,241654.0,329040.0,731807.0,5095172.0,160513.0,1252548.0,336365.0,518716.0,448802.0,61526.0,872158.0,55010.0,101944.0,233117.0,330460.0,724013.0,1.0,6.123233995736766e-17,30,0,0,0,0,0,0,0,0,0,0,0,0,0,0,0,0,0,0,0,0,0,0,0,0,0,0
2017-05-01,5142697.0,172660.0,1226969.0,334280.0,501311.0,442079.0,65602.0,899835.0,54609.0,103666.0,234771.0,341386.0,765529.0,5142697.0,155200.0,1259265.0,341275.0,496075.0,464864.0,64691.0,881581.0,54088.0,101282.0,229660.0,337249.0,757467.0,0.8660254037844387,-0.4999999999999998,31,0,0,0,0,0,0,0,0,0,0,0,0,0,0,0,0,0,0,0,0,0,0,0,0,0,0
2017-06-01,4566730.0,156859.0,1123214.0,288376.0,461100.0,415216.0,52479.0,803269.0,40349.0,81914.0,186406.0,299528.0,658020.0,4566730.0,146230.0,1123876.0,285027.0,454700.0,426835.0,53629.0,799229.0,42548.0,82823.0,188207.0,301175.0,662451.0,0.49999999999999994,-0.8660254037844387,30,0,0,0,0,0,0,0,0,0,0,0,0,0,0,0,0,0,0,0,0,0,0,0,0,0,0
2017-07-01,4978951.0,165017.0,1206617.0,320162.0,495803.0,439951.0,59830.0,869260.0,47538.0,95082.0,216607.0,323915.0,739169.0,4978951.0,152998.0,1222700.0,320796.0,491807.0,462299.0,60165.0,857815.0,47934.0,95150.0,212496.0,322169.0,732622.0,1.2246467991473532e-16,-1.0,31,0,0,0,0,0,0,0,0,0,0,0,0,0,0,0,0,0,0,0,0,0,0,0,0,0,0
2017-08-01,5223860.0,178120.0,1270025.0,334447.0,515583.0,467283.0,62182.0,904898.0,49065.0,97285.0,220697.0,334838.0,789437.0,5223860.0,163543.0,1285504.0,336050.0,507454.0,481883.0,62923.0,896140.0,50105.0,97822.0,218521.0,336436.0,787479.0,-0.4999999999999997,-0.8660254037844388,31,0,0,0,0,0,0,0,0,0,0,0,0,0,0,0,0,0,0,0,0,0,0,0,0,0,0
2017-09-01,4653364.0,174787.0,1123055.0,293993.0,467596.0,433135.0,56253.0,818769.0,43162.0,85651.0,191157.0,302322.0,663484.0,4653364.0,164251.0,1133599.0,292178.0,458170.0,444292.0,56868.0,814043.0,44047.0,86831.0,191644.0,302336.0,665105.0,-0.8660254037844385,-0.5000000000000004,30,0,0,0,0,0,0,0,0,0,0,0,0,0,0,0,0,0,0,0,0,0,0,0,0,0,0
2017-10-01,5373773.0,197642.0,1267629.0,345253.0,532534.0,459083.0,68147.0,938576.0,57168.0,109796.0,240438.0,356334.0,801173.0,5373773.0,175026.0,1296262.0,347619.0,525040.0,480953.0,68940.0,923228.0,56590.0,109479.0,236558.0,356509.0,797569.0,-1.0,-1.8369701987210297e-16,31,0,0,0,0,0,0,0,0,0,0,0,0,0,0,0,0,0,0,0,0,0,0,0,0,0,0
2017-11-01,5006047.0,174601.0,1211018.0,316706.0,497990.0,453092.0,63107.0,880352.0,48681.0,93719.0,209228.0,337184.0,720369.0,5006047.0,161308.0,1236928.0,316477.0,482712.0,466716.0,63311.0,870475.0,49211.0,93589.0,207872.0,335950.0,721498.0,-0.8660254037844386,0.5000000000000001,30,0,0,0,0,0,0,0,0,0,0,0,0,0,0,0,0,0,0,0,0,0,0,0,0,0,0
2017-12-01,5613122.0,204566.0,1360589.0,402945.0,592641.0,500131.0,71163.0,966938.0,53987.0,105764.0,229577.0,359039.0,765782.0,5613122.0,180577.0,1369436.0,383086.0,575202.0,509283.0,73413.0,966045.0,57372.0,107244.0,236777.0,368132.0,786555.0,-0.5000000000000004,0.8660254037844384,31,0,0,0,0,0,0,0,0,0,0,0,0,0,0,0,0,0,0,0,0,0,0,0,0,0,0
2018-01-01,4958457.0,183490.0,1196613.0,319080.0,504785.0,448746.0,62689.0,861471.0,49007.0,92694.0,205787.0,323595.0,710500.0,4958457.0,173755.0,1217563.0,324262.0,513291.0,473130.0,62384.0,847274.0,47794.0,91457.0,198617.0,317500.0,691430.0,0.0,1.0,31,0,0,0,0,0,0,0,0,0,0,0,0,0,0,0,0,0,0,0,0,0,0,0,0,0,0
2018-02-01,5154270.0,202256.0,1179059.0,346808.0,508584.0,413246.0,68916.0,852740.0,65184.0,116821.0,278192.0,335724.0,786740.0,5154270.0,169006.0,1215182.0,354571.0,494502.0,425240.0,69002.0,842282.0,65027.0,116368.0,275793.0,339905.0,787392.0,0.49999999999999994,0.8660254037844387,28,0,0,0,0,0,0,0,0,0,0,0,0,0,0,0,0,0,0,0,0,0,0,0,0,0,0
2018-03-01,5308893.0,195339.0,1280405.0,337753.0,532752.0,478463.0,69392.0,931982.0,53765.0,101779.0,264009.0,341159.0,722095.0,5308893.0,178750.0,1287580.0,335350.0,527057.0,489303.0,70148.0,925148.0,55533.0,102371.0,261894.0,343013.0,732746.0,0.8660254037844386,0.5000000000000001,31,0,0,0,0,0,0,0,0,0,0,0,0,0,0,0,0,0,0,0,0,0,0,0,0,0,0
2018-04-01,5475892.0,215695.0,1272054.0,358396.0,550300.0,464976.0,72313.0,956172.0,62710.0,118079.0,254506.0,357107.0,793584.0,5475892.0,187330.0,1303585.0,363053.0,543891.0,485094.0,73001.0,940867.0,62355.0,116345.0,250509.0,360128.0,789734.0,1.0,6.123233995736766e-17,30,0,0,0,0,0,0,0,0,0,0,0,0,0,0,0,0,0,0,0,0,0,0,0,0,0,0
2018-05-01,5212836.0,194210.0,1236965.0,334499.0,528376.0,476373.0,69796.0,916654.0,53615.0,106695.0,227824.0,338773.0,729056.0,5212836.0,175440.0,1260817.0,335369.0,524252.0,495285.0,70339.0,904421.0,53812.0,106214.0,225170.0,337795.0,723922.0,0.8660254037844387,-0.4999999999999998,31,0,0,0,0,0,0,0,0,0,0,0,0,0,0,0,0,0,0,0,0,0,0,0,0,0,0
2018-06-01,5185704.0,202458.0,1229273.0,335005.0,524568.0,473903.0,67616.0,904011.0,53535.0,103614.0,220889.0,336673.0,734159.0,5185704.0,177290.0,1234155.0,332443.0,523518.0,488124.0,69534.0,898340.0,55709.0,104975.0,222943.0,338620.0,740053.0,0.49999999999999994,-0.8660254037844387,30,0,0,0,0,0,0,0,0,0,0,0,0,0,0,0,0,0,0,0,0,0,0,0,0,0,0
2018-07-01,5289840.0,200942.0,1257107.0,339850.0,537116.0,483450.0,68854.0,921414.0,53752.0,104012.0,225299.0,338964.0,759080.0,5289840.0,185525.0,1276207.0,339866.0,537570.0,506874.0,68985.0,905253.0,53765.0,103303.0,222809.0,336827.0,752856.0,1.2246467991473532e-16,-1.0,31,0,0,0,0,0,0,0,0,0,0,0,0,0,0,0,0,0,0,0,0,0,0,0,0,0,0
2018-08-01,5419952.0,221470.0,1286767.0,343837.0,547833.0,505080.0,69543.0,939751.0,54948.0,107455.0,227930.0,345483.0,769855.0,5419952.0,203018.0,1299588.0,344063.0,543528.0,519584.0,71160.0,933984.0,57160.0,108597.0,228444.0,346460.0,764366.0,-0.4999999999999997,-0.8660254037844388,31,0,0,0,0,0,0,0,0,0,0,0,0,0,0,0,0,0,0,0,0,0,0,0,0,0,0
2018-09-01,5251154.0,215112.0,1223312.0,337817.0,533761.0,477698.0,70972.0,912913.0,56957.0,107627.0,227408.0,339818.0,747759.0,5251154.0,189707.0,1245658.0,336748.0,523970.0,499372.0,71502.0,905381.0,56322.0,107409.0,224092.0,342458.0,748535.0,-0.8660254037844385,-0.5000000000000004,30,0,0,0,0,0,0,0,0,0,0,0,0,0,0,0,0,0,0,0,0,0,0,0,0,0,0
2018-10-01,5311974.0,201584.0,1254680.0,338626.0,542107.0,492271.0,69697.0,933088.0,54260.0,106580.0,222264.0,341363.0,755454.0,5311974.0,185994.0,1279380.0,337120.0,539371.0,508881.0,70425.0,918632.0,54068.0,106502.0,219299.0,341909.0,750393.0,-1.0,-1.8369701987210297e-16,31,0,0,0,0,0,0,0,0,0,0,0,0,0,0,0,0,0,0,0,0,0,0,0,0,0,0
2018-11-01,5517382.0,225663.0,1289491.0,354645.0,560723.0,498894.0,73828.0,960019.0,55751.0,107333.0,227966.0,381900.0,781169.0,5517382.0,197309.0,1310636.0,350414.0,546864.0,512413.0,76604.0,954543.0,57024.0,108668.0,229759.0,386240.0,786908.0,-0.8660254037844386,0.5000000000000001,30,0,0,0,0,0,0,0,0,0,0,0,0,0,0,0,0,0,0,0,0,0,0,0,0,0,0
2018-12-01,5876845.0,233027.0,1380319.0,421167.0,612092.0,523258.0,81038.0,1022694.0,59500.0,112534.0,232935.0,371647.0,826634.0,5876845.0,200664.0,1386565.0,399539.0,600465.0,538924.0,83866.0,1025584.0,61705.0,114239.0,238511.0,377762.0,849021.0,-0.5000000000000004,0.8660254037844384,31,0,0,0,0,0,0,0,0,0,0,0,0,0,0,0,0,0,0,0,0,0,0,0,0,0,0
2019-01-01,5326693.0,207812.0,1272576.0,334363.0,546105.0,491050.0,69594.0,930986.0,51321.0,97995.0,206033.0,347964.0,770894.0,5326693.0,191459.0,1286996.0,336270.0,540714.0,511428.0,71057.0,920395.0,51279.0,99370.0,206136.0,346322.0,765267.0,0.0,1.0,31,0,0,0,0,0,0,0,0,0,0,0,0,0,0,0,0,0,0,0,0,0,0,0,0,0,0
2019-02-01,5425372.0,233188.0,1215995.0,368431.0,535570.0,438344.0,79971.0,906169.0,68423.0,129900.0,264500.0,350984.0,833897.0,5425372.0,186713.0,1247617.0,368197.0,536052.0,440304.0,81495.0,896694.0,70190.0,130584.0,266437.0,358138.0,842951.0,0.49999999999999994,0.8660254037844387,28,0,0,0,0,0,0,0,0,0,0,0,0,0,0,0,0,0,0,0,0,0,0,0,0,0,0
2019-03-01,5648453.0,231415.0,1317071.0,356761.0,561806.0,499829.0,79871.0,1005821.0,61814.0,114942.0,243926.0,368928.0,806269.0,5648453.0,221872.0,1361206.0,364551.0,560148.0,524723.0,79639.0,985570.0,59898.0,112972.0,233190.0,359119.0,785565.0,0.8660254037844386,0.5000000000000001,31,0,0,0,0,0,0,0,0,0,0,0,0,0,0,0,0,0,0,0,0,0,0,0,0,0,0
2019-04-01,5678567.0,241528.0,1304180.0,367986.0,583624.0,494391.0,80159.0,980989.0,66986.0,124306.0,259678.0,367041.0,807699.0,5678567.0,207329.0,1334420.0,371716.0,575674.0,510462.0,82225.0,970505.0,66805.0,125838.0,256840.0,371553.0,805200.0,1.0,6.123233995736766e-17,30,0,0,0,0,0,0,0,0,0,0,0,0,0,0,0,0,0,0,0,0,0,0,0,0,0,0
2019-05-01,5475139.0,223747.0,1284078.0,350847.0,580771.0,505010.0,76737.0,946101.0,55720.0,110257.0,226474.0,349037.0,766360.0,5475139.0,198895.0,1306221.0,350620.0,580643.0,517320.0,78192.0,938757.0,56774.0,111266.0,224592.0,349462.0,762397.0,0.8660254037844387,-0.4999999999999998,31,0,0,0,0,0,0,0,0,0,0,0,0,0,0,0,0,0,0,0,0,0,0,0,0,0,0
2019-06-01,5610936.0,234862.0,1301803.0,363975.0,604796.0,502411.0,77408.0,957819.0,59462.0,114945.0,236836.0,362762.0,793857.0,5610936.0,207161.0,1321306.0,362710.0,605251.0,521620.0,78125.0,948986.0,60471.0,115070.0,235853.0,361496.0,792887.0,0.49999999999999994,-0.8660254037844387,30,0,0,0,0,0,0,0,0,0,0,0,0,0,0,0,0,0,0,0,0,0,0,0,0,0,0
2019-07-01,5621665.0,228976.0,1317547.0,364036.0,609569.0,518612.0,76112.0,957896.0,56270.0,112079.0,235946.0,354161.0,790461.0,5621665.0,208063.0,1336586.0,362748.0,606249.0,533543.0,77330.0,951014.0,57407.0,112843.0,234114.0,355426.0,786342.0,1.2246467991473532e-16,-1.0,31,0,0,0,0,0,0,0,0,0,0,0,0,0,0,0,0,0,0,0,0,0,0,0,0,0,0
2019-08-01,5559008.0,238807.0,1302826.0,354244.0,596654.0,514854.0,75803.0,951779.0,55798.0,110178.0,227475.0,348794.0,781796.0,5559008.0,212832.0,1319162.0,351426.0,591506.0,529654.0,77832.0,949188.0,58582.0,112531.0,230193.0,350769.0,775333.0,-0.4999999999999997,-0.8660254037844388,31,0,0,0,0,0,0,0,0,0,0,0,0,0,0,0,0,0,0,0,0,0,0,0,0,0,0
2019-09-01,5505456.0,239750.0,1248975.0,356553.0,583156.0,504618.0,78876.0,954094.0,60990.0,117895.0,235698.0,354861.0,769990.0,5505456.0,210417.0,1284942.0,358677.0,577920.0,522925.0,79213.0,943903.0,60165.0,116778.0,231410.0,355260.0,763846.0,-0.8660254037844385,-0.5000000000000004,30,0,0,0,0,0,0,0,0,0,0,0,0,0,0,0,0,0,0,0,0,0,0,0,0,0,0
2019-10-01,5801186.0,252614.0,1335754.0,374027.0,628758.0,531228.0,81906.0,993654.0,61477.0,122114.0,242973.0,375501.0,801180.0,5801186.0,219083.0,1369295.0,374637.0,629339.0,547588.0,82401.0,980278.0,61997.0,122079.0,240643.0,374542.0,799304.0,-1.0,-1.8369701987210297e-16,31,0,0,0,0,0,0,0,0,0,0,0,0,0,0,0,0,0,0,0,0,0,0,0,0,0,0
2019-11-01,5683553.0,241128.0,1328234.0,376838.0,608934.0,530249.0,80661.0,981439.0,58275.0,113265.0,230303.0,367410.0,766817.0,5683553.0,214950.0,1342850.0,368741.0,598278.0,543279.0,83055.0,979091.0,60272.0,115133.0,232642.0,370468.0,774794.0,-0.8660254037844386,0.5000000000000001,30,0,0,0,0,0,0,0,0,0,0,0,0,0,0,0,0,0,0,0,0,0,0,0,0,0,0
2019-12-01,6075220.0,256884.0,1402109.0,430505.0,683058.0,558482.0,86186.0,1037512.0,61295.0,119239.0,242874.0,387987.0,809089.0,6075220.0,232672.0,1451090.0,419761.0,680310.0,573450.0,85283.0,1028442.0,60262.0,116580.0,236901.0,385431.0,805038.0,-0.5000000000000004,0.8660254037844384,31,0,0,0,0,0,0,0,0,0,0,0,0,0,0,0,0,0,0,0,0,0,0,0,0,0,0
2020-01-01,6230650.0,306295.0,1393688.0,429714.0,655770.0,514035.0,90340.0,1017382.0,76181.0,144867.0,289640.0,405928.0,906810.0,6230650.0,243685.0,1407544.0,434097.0,658083.0,527181.0,93507.0,1016297.0,80351.0,147806.0,298260.0,410193.0,913646.0,0.0,1.0,31,0,0,0,0,0,0,0,0,0,0,0,0,0,0,0,0,0,0,0,0,0,0,0,0,0,0
2020-02-01,3968432.0,173724.0,901831.0,289492.0,440818.0,384981.0,59814.0,658661.0,40874.0,78249.0,159321.0,254299.0,526368.0,3968432.0,153376.0,907417.0,284810.0,430177.0,396680.0,62576.0,660251.0,42783.0,80504.0,162190.0,259007.0,528661.0,0.49999999999999994,0.8660254037844387,29,0,0,0,0,0,0,0,0,0,0,0,0,0,0,0,0,0,0,0,0,0,0,0,0,0,0
2020-03-01,3529935.0,152884.0,793822.0,268834.0,353557.0,355109.0,54022.0,593903.0,40371.0,77182.0,150905.0,225258.0,464088.0,3529935.0,145872.0,818655.0,274700.0,367071.0,373415.0,52838.0,574851.0,38152.0,73151.0,140630.0,216804.0,453796.0,0.8660254037844386,0.5000000000000001,31,0,0,0,0,0,0,0,0,0,0,0,0,0,0,0,0,0,0,0,0,0,0,0,0,0,0
2020-04-01,2947586.0,129347.0,662099.0,233112.0,290153.0,288497.0,46087.0,479949.0,35606.0,68326.0,129533.0,187678.0,397199.0,2947586.0,117499.0,664012.0,232153.0,295244.0,296819.0,46875.0,481476.0,36185.0,69678.0,129187.0,186659.0,391799.0,1.0,6.123233995736766e-17,30,0,0,0,0,0,0,0,0,0,0,0,0,0,0,0,0,0,0,0,0,0,0,0,0,0,0
2020-05-01,3670631.0,156395.0,829406.0,282802.0,352205.0,363491.0,58341.0,625818.0,45275.0,86018.0,159171.0,230635.0,481074.0,3670631.0,147504.0,845031.0,286005.0,360402.0,372876.0,58786.0,616615.0,44117.0,84331.0,154143.0,226039.0,474782.0,0.8660254037844387,-0.4999999999999998,31,0,0,0,0,0,0,0,0,0,0,0,0,0,0,0,0,0,0,0,0,0,0,0,0,0,0
2020-06-01,4431804.0,193954.0,1021476.0,331943.0,403422.0,417862.0,64146.0,735665.0,49170.0,96398.0,200779.0,288342.0,628647.0,4431804.0,178592.0,1031534.0,335441.0,409379.0,425156.0,64749.0,728028.0,49869.0,96869.0,198987.0,287940.0,625260.0,0.49999999999999994,-0.8660254037844387,30,0,0,0,0,0,0,0,0,0,0,0,0,0,0,0,0,0,0,0,0,0,0,0,0,0,0
2020-07-01,4975726.0,226734.0,1179047.0,369082.0,464669.0,485467.0,71628.0,828599.0,49662.0,101204.0,204131.0,320879.0,674624.0,4975726.0,209864.0,1170955.0,364592.0,474210.0,497996.0,73217.0,825105.0,51798.0,102481.0,204711.0,318934.0,681863.0,1.2246467991473532e-16,-1.0,31,0,0,0,0,0,0,0,0,0,0,0,0,0,0,0,0,0,0,0,0,0,0,0,0,0,0
2020-08-01,5489625.0,251849.0,1282181.0,405383.0,550957.0,513790.0,78802.0,907378.0,57276.0,111122.0,228870.0,345979.0,756038.0,5489625.0,232718.0,1294998.0,410127.0,569560.0,533761.0,79476.0,892047.0,57089.0,110699.0,224604.0,338791.0,745755.0,-0.4999999999999997,-0.8660254037844388,31,0,0,0,0,0,0,0,0,0,0,0,0,0,0,0,0,0,0,0,0,0,0,0,0,0,0
2020-09-01,5011876.0,243089.0,1199188.0,370228.0,521047.0,493091.0,70655.0,824857.0,47393.0,95539.0,193082.0,309539.0,644168.0,5011876.0,209479.0,1165365.0,361861.0,527966.0,501002.0,73271.0,834155.0,51845.0,100043.0,203583.0,317165.0,666141.0,-0.8660254037844385,-0.5000000000000004,30,0,0,0,0,0,0,0,0,0,0,0,0,0,0,0,0,0,0,0,0,0,0,0,0,0,0
2020-10-01,5723958.0,270845.0,1289419.0,429450.0,580157.0,530449.0,86608.0,946321.0,65980.0,125105.0,251913.0,370663.0,777048.0,5723958.0,242763.0,1338203.0,440062.0,598383.0,548741.0,86761.0,927123.0,64034.0,121777.0,239323.0,361591.0,755197.0,-1.0,-1.8369701987210297e-16,31,0,0,0,0,0,0,0,0,0,0,0,0,0,0,0,0,0,0,0,0,0,0,0,0,0,0
2020-11-01,5472335.0,250177.0,1271272.0,417932.0,554315.0,516527.0,81325.0,921573.0,57504.0,110705.0,222600.0,348196.0,720209.0,5472335.0,230899.0,1291441.0,418539.0,566151.0,535696.0,81941.0,911206.0,55985.0,109157.0,217138.0,341174.0,713008.0,-0.8660254037844386,0.5000000000000001,30,0,0,0,0,0,0,0,0,0,0,0,0,0,0,0,0,0,0,0,0,0,0,0,0,0,0
2020-12-01,5786384.0,277111.0,1354166.0,475587.0,574784.0,550152.0,84488.0,955949.0,57668.0,115239.0,227202.0,365581.0,748457.0,5786384.0,241390.0,1344224.0,461830.0,589103.0,559417.0,86471.0,959946.0,60790.0,116475.0,231561.0,370623.0,764554.0,-0.5000000000000004,0.8660254037844384,31,0,0,0,0,0,0,0,0,0,0,0,0,0,0,0,0,0,0,0,0,0,0,0,0,0,0
2021-01-01,4660193.0,209689.0,1091758.0,356555.0,449795.0,457894.0,70290.0,774517.0,50991.0,95113.0,186184.0,302136.0,615271.0,4660193.0,193692.0,1094680.0,357454.0,471385.0,479311.0,71164.0,764821.0,50919.0,95000.0,183425.0,295418.0,602924.0,0.0,1.0,31,0,0,0,0,0,0,0,0,0,0,0,0,0,0,0,0,0,0,0,0,0,0,0,0,0,0
2021-02-01,4455946.0,200369.0,1014514.0,358278.0,376667.0,393082.0,69338.0,710362.0,56615.0,109286.0,217561.0,294427.0,655447.0,4455946.0,180050.0,1015490.0,354645.0,380058.0,391859.0,71719.0,713290.0,59254.0,111678.0,220256.0,299144.0,658503.0,0.49999999999999994,0.8660254037844387,28,0,0,0,0,0,0,0,0,0,0,0,0,0,0,0,0,0,0,0,0,0,0,0,0,0,0
2021-03-01,5160243.0,231076.0,1200636.0,386655.0,488476.0,511930.0,80456.0,876075.0,57743.0,106362.0,215140.0,332976.0,672718.0,5160243.0,215530.0,1218260.0,391411.0,501595.0,523612.0,78602.0,858385.0,55632.0,105672.0,208996.0,328594.0,673954.0,0.8660254037844386,0.5000000000000001,31,0,0,0,0,0,0,0,0,0,0,0,0,0,0,0,0,0,0,0,0,0,0,0,0,0,0
2021-04-01,5514868.0,266661.0,1258109.0,419502.0,525594.0,522648.0,83996.0,921710.0,63820.0,125019.0,238601.0,351012.0,738196.0,5514868.0,227932.0,1262972.0,413514.0,537070.0,531921.0,86211.0,919706.0,66848.0,127011.0,243721.0,353150.0,744812.0,1.0,6.123233995736766e-17,30,0,0,0,0,0,0,0,0,0,0,0,0,0,0,0,0,0,0,0,0,0,0,0,0,0,0
2021-05-01,2696576.0,123010.0,589021.0,201493.0,248915.0,253208.0,43621.0,459129.0,33524.0,61950.0,122191.0,178014.0,382500.0,2696576.0,114807.0,592123.0,204793.0,260170.0,268234.0,44031.0,454425.0,32666.0,61383.0,115976.0,174067.0,373901.0,0.8660254037844387,-0.4999999999999998,31,0,0,0,0,0,0,0,0,0,0,0,0,0,0,0,0,0,0,0,0,0,0,0,0,0,0
2021-06-01,539630.0,21808.0,106192.0,39021.0,64299.0,53809.0,9214.0,86812.0,6934.0,12478.0,22283.0,34332.0,82448.0,539630.0,22265.0,109772.0,39079.0,69155.0,53490.0,9057.0,85793.0,6802.0,12174.0,21468.0,32490.0,78085.0,0.49999999999999994,-0.8660254037844387,30,0,0,0,0,0,0,0,0,0,0,0,0,0,0,0,0,0,0,0,0,0,0,0,0,0,0
2021-07-01,1137242.0,49905.0,232403.0,91138.0,122151.0,106106.0,18580.0,186577.0,15365.0,27725.0,49894.0,72371.0,165027.0,1137242.0,47494.0,231873.0,88254.0,123924.0,103489.0,19135.0,189469.0,15899.0,28207.0,50623.0,72743.0,166132.0,1.2246467991473532e-16,-1.0,31,0,0,0,0,0,0,0,0,0,0,0,0,0,0,0,0,0,0,0,0,0,0,0,0,0,0
2021-08-01,2225096.0,94165.0,447721.0,164097.0,223576.0,206426.0,35473.0,381340.0,29615.0,55337.0,98511.0,153021.0,335814.0,2225096.0,97770.0,490060.0,174189.0,223253.0,202545.0,33733.0,365665.0,27041.0,52547.0,91059.0,145970.0,321264.0,-0.4999999999999997,-0.8660254037844388,31,0,0,0,0,0,0,0,0,0,0,0,0,0,0,0,0,0,0,0,0,0,0,0,0,0,0
2021-09-01,2960416.0,131748.0,638228.0,217989.0,283195.0,277471.0,44960.0,498304.0,36883.0,69937.0,130803.0,203163.0,427735.0,2960416.0,128447.0,656414.0,219774.0,284699.0,274772.0,44885.0,492274.0,36399.0,68728.0,127302.0,200953.0,425769.0,-0.8660254037844385,-0.5000000000000004,30,0,0,0,0,0,0,0,0,0,0,0,0,0,0,0,0,0,0,0,0,0,0,0,0,0,0
2021-10-01,4032592.0,168950.0,882621.0,302480.0,396274.0,374908.0,61096.0,695740.0,47577.0,92346.0,171454.0,271457.0,567689.0,4032592.0,163745.0,898517.0,304807.0,395546.0,370534.0,61352.0,690763.0,48059.0,92517.0,170412.0,270418.0,565922.0,-1.0,-1.8369701987210297e-16,31,0,0,0,0,0,0,0,0,0,0,0,0,0,0,0,0,0,0,0,0,0,0,0,0,0,0
2021-11-01,4537412.0,202752.0,1014909.0,331522.0,442093.0,426780.0,68255.0,784188.0,50624.0,96244.0,185953.0,307568.0,626524.0,4537412.0,196228.0,1035978.0,340436.0,441400.0,422793.0,68428.0,775357.0,50233.0,96220.0,183697.0,304859.0,621783.0,-0.8660254037844386,0.5000000000000001,30,0,0,0,0,0,0,0,0,0,0,0,0,0,0,0,0,0,0,0,0,0,0,0,0,0,0
2021-12-01,5539344.0,279160.0,1260758.0,441389.0,552589.0,528431.0,79624.0,924911.0,57556.0,110728.0,212039.0,362990.0,729169.0,5539344.0,252345.0,1247960.0,421682.0,556213.0,536334.0,82713.0,928211.0,61031.0,112697.0,219162.0,365921.0,755075.0,-0.5000000000000004,0.8660254037844384,31,0,0,0,0,0,0,0,0,0,0,0,0,0,0,0,0,0,0,0,0,0,0,0,0,0,0
2022-01-01,4148796.0,199319.0,994937.0,346066.0,374255.0,390804.0,59605.0,687079.0,42490.0,82340.0,155633.0,266983.0,549285.0,4148796.0,165570.0,886369.0,303573.0,370196.0,395780.0,65514.0,714200.0,53314.0,102740.0,192826.0,288483.0,610231.0,0.0,1.0,31,0,0,0,0,0,0,0,0,0,0,0,0,0,0,0,0,0,0,0,0,0,0,0,0,0,0
2022-02-01,3973070.0,173232.0,802282.0,293149.0,336460.0,337706.0,65755.0,683942.0,57916.0,106931.0,206946.0,291768.0,616983.0,3973070.0,183736.0,934101.0,339859.0,368216.0,356622.0,60202.0,639317.0,45935.0,85605.0,161160.0,259848.0,538469.0,0.49999999999999994,0.8660254037844387,28,0,0,0,0,0,0,0,0,0,0,0,0,0,0,0,0,0,0,0,0,0,0,0,0,0,0
2022-03-01,4837482.0,216974.0,1104665.0,366704.0,456119.0,468152.0,70982.0,816608.0,53458.0,102813.0,198753.0,337972.0,644282.0,4837482.0,205441.0,1104613.0,363333.0,468960.0,478117.0,71779.0,809083.0,54209.0,102908.0,199394.0,333945.0,645700.0,0.8660254037844386,0.5000000000000001,31,0,0,0,0,0,0,0,0,0,0,0,0,0,0,0,0,0,0,0,0,0,0,0,0,0,0
2022-04-01,3976458.0,189904.0,881452.0,310603.0,378798.0,362470.0,59057.0,649749.0,47333.0,90217.0,176272.0,279599.0,551004.0,3976458.0,164875.0,870767.0,302913.0,396864.0,376809.0,61342.0,650337.0,48902.0,92111.0,176623.0,281501.0,553414.0,1.0,6.123233995736766e-17,30,0,0,0,0,0,0,0,0,0,0,0,0,0,0,0,0,0,0,0,0,0,0,0,0,0,0
2022-05-01,2643078.0,110668.0,565444.0,201995.0,275123.0,255666.0,40945.0,439786.0,31183.0,60401.0,111320.0,182506.0,368041.0,2643078.0,107299.0,568725.0,198964.0,296599.0,274817.0,41207.0,430068.0,30202.0,58318.0,104383.0,174550.0,357946.0,0.8660254037844387,-0.4999999999999998,31,0,0,0,0,0,0,0,0,0,0,0,0,0,0,0,0,0,0,0,0,0,0,0,0,0,0
2022-06-01,3133528.0,141938.0,695037.0,247896.0,334467.0,306633.0,45294.0,505252.0,33833.0,66205.0,125284.0,211652.0,420037.0,3133528.0,135054.0,695158.0,243806.0,352436.0,316026.0,45768.0,499915.0,34093.0,65600.0,124239.0,206740.0,414693.0,0.49999999999999994,-0.8660254037844387,30,0,0,0,0,0,0,0,0,0,0,0,0,0,0,0,0,0,0,0,0,0,0,0,0,0,0
2022-07-01,4431576.0,196854.0,995101.0,345368.0,458628.0,423579.0,63837.0,724195.0,47126.0,90019.0,179594.0,303855.0,603420.0,4431576.0,186477.0,995360.0,340250.0,477338.0,435717.0,64574.0,718208.0,47968.0,90686.0,177131.0,297829.0,600038.0,1.2246467991473532e-16,-1.0,31,0,0,0,0,0,0,0,0,0,0,0,0,0,0,0,0,0,0,0,0,0,0,0,0,0,0
2022-08-01,4970649.0,226062.0,1119292.0,374433.0,505661.0,468350.0,70000.0,822490.0,52660.0,100774.0,200144.0,341529.0,689254.0,4970649.0,215539.0,1131697.0,375438.0,530365.0,479216.0,71385.0,809491.0,52615.0,100209.0,195789.0,332759.0,676146.0,-0.4999999999999997,-0.8660254037844388,31,0,0,0,0,0,0,0,0,0,0,0,0,0,0,0,0,0,0,0,0,0,0,0,0,0,0
2022-09-01,4947082.0,239684.0,1089434.0,373790.0,484598.0,465624.0,71934.0,823539.0,56453.0,106783.0,201523.0,342990.0,690730.0,4947082.0,219319.0,1095097.0,371749.0,507615.0,473615.0,73293.0,817725.0,57187.0,107698.0,199119.0,338653.0,686012.0,-0.8660254037844385,-0.5000000000000004,30,0,0,0,0,0,0,0,0,0,0,0,0,0,0,0,0,0,0,0,0,0,0,0,0,0,0
2022-10-01,5383137.0,244809.0,1183836.0,403569.0,546628.0,492227.0,79014.0,908612.0,59869.0,114707.0,225804.0,371199.0,752863.0,5383137.0,224595.0,1198862.0,403110.0,560320.0,511543.0,80040.0,901498.0,58950.0,114243.0,222274.0,364101.0,743601.0,-1.0,-1.8369701987210297e-16,31,0,0,0,0,0,0,0,0,0,0,0,0,0,0,0,0,0,0,0,0,0,0,0,0,0,0
2022-11-01,5502680.0,252527.0,1215750.0,417892.0,585561.0,518283.0,81333.0,925928.0,61028.0,117492.0,218861.0,370713.0,737312.0,5502680.0,234267.0,1229546.0,414771.0,582380.0,531532.0,82734.0,924067.0,61113.0,117717.0,218990.0,366918.0,738645.0,-0.8660254037844386,0.5000000000000001,30,0,0,0,0,0,0,0,0,0,0,0,0,0,0,0,0,0,0,0,0,0,0,0,0,0,0
2022-12-01,6214472.0,287168.0,1397934.0,494881.0,693605.0,574115.0,88382.0,1040190.0,63009.0,120447.0,232956.0,414225.0,807560.0,6214472.0,252073.0,1394749.0,475597.0,690573.0,578801.0,91617.0,1051998.0,66362.0,122744.0,241852.0,418201.0,829905.0,-0.5000000000000004,0.8660254037844384,31,0,0,0,0,0,0,0,0,0,0,0,0,0,0,0,0,0,0,0,0,0,0,0,0,0,0
2023-01-01,6089874.0,279201.0,1271570.0,467038.0,673177.0,499700.0,93063.0,992068.0,79943.0,144326.0,276297.0,425754.0,887737.0,6089874.0,250262.0,1310347.0,484888.0,684488.0,515207.0,93279.0,970431.0,78837.0,141172.0,269955.0,420164.0,870844.0,0.0,1.0,31,0,0,0,0,0,0,0,0,0,0,0,0,0,0,0,0,0,0,0,0,0,0,0,0,0,0
2023-02-01,5497363.0,248860.0,1211519.0,397802.0,614683.0,509551.0,84983.0,925315.0,61845.0,115545.0,219099.0,371953.0,736208.0,5497363.0,222152.0,1228752.0,400847.0,610517.0,522262.0,85900.0,924474.0,61943.0,116405.0,216545.0,370026.0,737540.0,0.49999999999999994,0.8660254037844387,28,0,0,0,0,0,0,0,0,0,0,0,0,0,0,0,0,0,0,0,0,0,0,0,0,0,0
2023-03-01,5986367.0,291999.0,1334070.0,434546.0,657083.0,556803.0,85674.0,1026485.0,63862.0,121650.0,235418.0,384325.0,794452.0,5986367.0,259380.0,1314912.0,426785.0,647702.0,564709.0,87457.0,1030600.0,67872.0,125819.0,243187.0,388491.0,829453.0,0.8660254037844386,0.5000000000000001,31,0,0,0,0,0,0,0,0,0,0,0,0,0,0,0,0,0,0,0,0,0,0,0,0,0,0
2023-04-01,6213664.0,290241.0,1308866.0,455579.0,690454.0,546826.0,92880.0,1056954.0,77897.0,141643.0,267542.0,411779.0,873003.0,6213664.0,257928.0,1356913.0,465578.0,680588.0,568128.0,94784.0,1057780.0,76756.0,138930.0,258394.0,403235.0,854650.0,1.0,6.123233995736766e-17,30,0,0,0,0,0,0,0,0,0,0,0,0,0,0,0,0,0,0,0,0,0,0,0,0,0,0
2023-05-01,5925155.0,267249.0,1271650.0,426318.0,674943.0,553384.0,89276.0,1028601.0,66714.0,126658.0,247120.0,391640.0,781602.0,5925155.0,249572.0,1313589.0,436343.0,669290.0,570705.0,89517.0,1013631.0,65349.0,124912.0,239119.0,382405.0,770723.0,0.8660254037844387,-0.4999999999999998,31,0,0,0,0,0,0,0,0,0,0,0,0,0,0,0,0,0,0,0,0,0,0,0,0,0,0
2023-06-01,5879128.0,279473.0,1261780.0,429541.0,689683.0,541078.0,86201.0,989223.0,65634.0,124080.0,238627.0,388306.0,785502.0,5879128.0,247802.0,1266255.0,427743.0,692108.0,556603.0,88134.0,990954.0,68677.0,126262.0,240928.0,384306.0,789356.0,0.49999999999999994,-0.8660254037844387,30,0,0,0,0,0,0,0,0,0,0,0,0,0,0,0,0,0,0,0,0,0,0,0,0,0,0
2023-07-01,6032903.0,273391.0,1312018.0,434417.0,714460.0,565588.0,87261.0,1031029.0,66014.0,125427.0,240236.0,386897.0,796165.0,6032903.0,250691.0,1328504.0,434700.0,709798.0,584393.0,89024.0,1024584.0,66483.0,125868.0,238574.0,382606.0,797678.0,1.2246467991473532e-16,-1.0,31,0,0,0,0,0,0,0,0,0,0,0,0,0,0,0,0,0,0,0,0,0,0,0,0,0,0
2023-08-01,6222351.0,288654.0,1346336.0,445646.0,735794.0,581368.0,90770.0,1054155.0,67477.0,129974.0,250014.0,406911.0,825252.0,6222351.0,261968.0,1364607.0,448171.0,729109.0,599688.0,92389.0,1057039.0,68767.0,130786.0,248721.0,400821.0,820285.0,-0.4999999999999997,-0.8660254037844388,31,0,0,0,0,0,0,0,0,0,0,0,0,0,0,0,0,0,0,0,0,0,0,0,0,0,0
2023-09-01,5826261.0,300049.0,1267576.0,425620.0,691863.0,570146.0,87171.0,987387.0,60428.0,120817.0,215555.0,365604.0,734045.0,5826261.0,253059.0,1232471.0,407612.0,674358.0,579728.0,93175.0,1010876.0,68742.0,131123.0,236085.0,376149.0,762883.0,-0.8660254037844385,-0.5000000000000004,30,0,0,0,0,0,0,0,0,0,0,0,0,0,0,0,0,0,0,0,0,0,0,0,0,0,0
2023-10-01,6428106.0,302960.0,1323935.0,451891.0,752308.0,580072.0,99231.0,1102374.0,79033.0,147132.0,274631.0,430532.0,884007.0,6428106.0,275939.0,1414290.0,473637.0,750401.0,610679.0,96120.0,1081174.0,71283.0,137735.0,250978.0,414052.0,851818.0,-1.0,-1.8369701987210297e-16,31,0,0,0,0,0,0,0,0,0,0,0,0,0,0,0,0,0,0,0,0,0,0,0,0,0,0
2023-11-01,6274964.0,306105.0,1340666.0,448334.0,731180.0,589489.0,92732.0,1073999.0,67459.0,127662.0,245040.0,411619.0,840679.0,6274964.0,272898.0,1375515.0,448173.0,713133.0,603414.0,93709.0,1077220.0,68265.0,128312.0,245745.0,408122.0,840458.0,-0.8660254037844386,0.5000000000000001,30,0,0,0,0,0,0,0,0,0,0,0,0,0,0,0,0,0,0,0,0,0,0,0,0,0,0
2023-12-01,6710532.0,332100.0,1442644.0,515867.0,785005.0,631655.0,99467.0,1143432.0,72380.0,138184.0,259451.0,435333.0,855014.0,6710532.0,281192.0,1467931.0,500181.0,750678.0,640051.0,102339.0,1164234.0,75583.0,141038.0,266724.0,442422.0,878159.0,-0.5000000000000004,0.8660254037844384,31,0,0,0,0,0,0,0,0,0,0,0,0,0,0,0,0,0,0,0,0,0,0,0,0,0,0
2024-01-01,6301769.0,301538.0,1328378.0,445216.0,730498.0,589093.0,92390.0,1084707.0,70954.0,130623.0,246230.0,428539.0,853603.0,6301769.0,267471.0,1386171.0,457838.0,733762.0,612165.0,92865.0,1068832.0,70424.0,129537.0,239602.0,414959.0,828143.0,0.0,1.0,31,0,0,0,0,0,0,0,0,0,0,0,0,0,0,0,0,0,0,0,0,0,0,0,0,0,0
2024-02-01,6380919.0,311775.0,1270622.0,464839.0,732491.0,536795.0,99798.0,1024273.0,85743.0,154159.0,295571.0,465407.0,939446.0,6380919.0,257642.0,1318328.0,478111.0,712420.0,546641.0,101456.0,1025370.0,85038.0,154988.0,293341.0,463841.0,943743.0,0.49999999999999994,0.8660254037844387,29,0,0,0,0,0,0,0,0,0,0,0,0,0,0,0,0,0,0,0,0,0,0,0,0,0,0
2024-03-01,6796713.0,331037.0,1417898.0,475582.0,769481.0,614496.0,102378.0,1159022.0,78039.0,147897.0,284107.0,502292.0,914484.0,6796713.0,291136.0,1445477.0,477465.0,745420.0,626735.0,105187.0,1159011.0,79480.0,150929.0,283926.0,494517.0,937430.0,0.8660254037844386,0.5000000000000001,31,0,0,0,0,0,0,0,0,0,0,0,0,0,0,0,0,0,0,0,0,0,0,0,0,0,0
2024-04-01,6405938.0,325273.0,1323483.0,449411.0,743834.0,582089.0,96105.0,1083724.0,76964.0,147727.0,276006.0,420170.0,881152.0,6405938.0,277743.0,1384125.0,461060.0,723656.0,597310.0,98071.0,1087289.0,76948.0,146760.0,272920.0,417802.0,862254.0,1.0,6.123233995736766e-17,30,0,0,0,0,0,0,0,0,0,0,0,0,0,0,0,0,0,0,0,0,0,0,0,0,0,0
2024-05-01,6388798.0,313326.0,1351945.0,441461.0,753703.0,612141.0,96859.0,1100770.0,69781.0,136459.0,255554.0,431027.0,825772.0,6388798.0,275266.0,1390785.0,444758.0,737245.0,620027.0,98951.0,1103710.0,71764.0,138537.0,254105.0,429721.0,823929.0,0.8660254037844387,-0.4999999999999998,31,0,0,0,0,0,0,0,0,0,0,0,0,0,0,0,0,0,0,0,0,0,0,0,0,0,0
2024-06-01,6450603.0,335616.0,1347294.0,442929.0,761896.0,603595.0,96886.0,1092782.0,72646.0,138952.0,263845.0,442858.0,851304.0,6450603.0,293251.0,1386494.0,447777.0,751662.0,619139.0,97578.0,1090184.0,73003.0,139316.0,261865.0,438503.0,851831.0,0.49999999999999994,-0.8660254037844387,30,0,0,0,0,0,0,0,0,0,0,0,0,0,0,0,0,0,0,0,0,0,0,0,0,0,0
2024-07-01,6255805.0,303081.0,1319199.0,431107.0,766560.0,592608.0,91691.0,1041822.0,68501.0,130661.0,251846.0,421155.0,837574.0,6255805.0,271238.0,1359410.0,436649.0,748291.0,610105.0,93168.0,1040120.0,68937.0,131562.0,248247.0,416132.0,831946.0,1.2246467991473532e-16,-1.0,31,0,0,0,0,0,0,0,0,0,0,0,0,0,0,0,0,0,0,0,0,0,0,0,0,0,0
2024-08-01,6752455.0,335890.0,1437840.0,461855.0,804753.0,647657.0,99360.0,1124328.0,73193.0,139666.0,268629.0,470138.0,889146.0,6752455.0,295791.0,1468032.0,462996.0,785642.0,655836.0,102203.0,1134537.0,75377.0,142478.0,270261.0,472062.0,887240.0,-0.4999999999999997,-0.8660254037844388,31,0,0,0,0,0,0,0,0,0,0,0,0,0,0,0,0,0,0,0,0,0,0,0,0,0,0
2024-09-01,6493172.0,343354.0,1333457.0,440178.0,764965.0,616715.0,98890.0,1101391.0,74290.0,141549.0,262182.0,423051.0,893150.0,6493172.0,303886.0,1394012.0,451911.0,746162.0,635078.0,99430.0,1098171.0,73042.0,140052.0,254522.0,414970.0,881936.0,-0.8660254037844385,-0.5000000000000004,30,0,0,0,0,0,0,0,0,0,0,0,0,0,0,0,0,0,0,0,0,0,0,0,0,0,0
2024-10-01,6153242.0,305947.0,1295528.0,417031.0,746254.0,582207.0,93649.0,1060525.0,72129.0,148355.0,247745.0,398206.0,785666.0,6153242.0,268351.0,1337731.0,420384.0,726669.0,597058.0,94696.0,1058226.0,73231.0,149470.0,247130.0,395949.0,784347.0,-1.0,-1.8369701987210297e-16,31,0,0,0,0,0,0,0,0,0,0,0,0,0,0,0,0,0,0,0,0,0,0,0,0,0,0
2024-11-01,6720644.0,339301.0,1443191.0,462335.0,803086.0,639170.0,104703.0,1143343.0,73011.0,138390.0,260588.0,438165.0,875361.0,6720644.0,293278.0,1482512.0,458214.0,777115.0,646068.0,106906.0,1153362.0,76042.0,140993.0,265859.0,440251.0,880044.0,-0.8660254037844386,0.5000000000000001,30,0,0,0,0,0,0,0,0,0,0,0,0,0,0,0,0,0,0,0,0,0,0,0,0,0,0
2024-12-01,7150425.0,362362.0,1525729.0,508504.0,857290.0,673797.0,108634.0,1221279.0,77804.0,147955.0,281005.0,466668.0,919398.0,7150425.0,313943.0,1606770.0,508103.0,829065.0,683760.0,108556.0,1218638.0,75599.0,145786.0,274747.0,465665.0,919793.0,-0.5000000000000004,0.8660254037844384,31,0,0,0,0,0,0,0,0,0,0,0,0,0,0,0,0,0,0,0,0,0,0,0,0,0,0
2025-01-01,6682762.0,360796.0,1421993.0,505077.0,803272.0,596134.0,103002.0,1076326.0,79792.0,143796.0,266143.0,436658.0,889773.0,6682762.0,275574.0,1356368.0,468532.0,785892.0,594442.0,110326.0,1103967.0,92383.0,163720.0,305374.0,460394.0,965790.0,0.0,1.0,31,0,0,0,0,0,0,0,0,0,0,0,0,0,0,0,0,0,0,0,0,0,0,0,0,0,0
2025-02-01,6282609.0,296596.0,1260430.0,436142.0,833953.0,594433.0,99372.0,1024039.0,74199.0,137419.0,260379.0,406128.0,859519.0,6282609.0,274756.0,1383751.0,480990.0,831176.0,613188.0,98244.0,1002979.0,67370.0,123603.0,231299.0,384303.0,790950.0,0.49999999999999994,0.8660254037844387,28,0,0,0,0,0,0,0,0,0,0,0,0,0,0,0,0,0,0,0,0,0,0,0,0,0,0
2025-03-01,6864874.0,362600.0,1426062.0,481905.0,799775.0,638576.0,106833.0,1181489.0,82083.0,150678.0,290465.0,444719.0,899689.0,6864874.0,325272.0,1496490.0,496086.0,782838.0,658985.0,105802.0,1169069.0,79117.0,148206.0,281022.0,433713.0,888274.0,0.8660254037844386,0.5000000000000001,31,0,0,0,0,0,0,0,0,0,0,0,0,0,0,0,0,0,0,0,0,0,0,0,0,0,0
2025-04-01,6711350.0,370557.0,1360399.0,473695.0,803400.0,620093.0,104139.0,1121898.0,79847.0,152140.0,295076.0,446829.0,883277.0,6711350.0,313545.0,1421353.0,483322.0,779230.0,632635.0,106262.0,1125990.0,80192.0,151721.0,293098.0,448541.0,875461.0,1.0,6.123233995736766e-17,30,0,0,0,0,0,0,0,0,0,0,0,0,0,0,0,0,0,0,0,0,0,0,0,0,0,0
2025-05-01,6839329.0,371134.0,1402744.0,493032.0,805291.0,651311.0,114752.0,1162715.0,78550.0,158763.0,281907.0,435181.0,883949.0,6839329.0,310874.0,1415041.0,485911.0,789090.0,659368.0,121816.0,1168608.0,84749.0,161588.0,294753.0,439519.0,908012.0,0.8660254037844387,-0.4999999999999998,31,0,0,0,0,0,0,0,0,0,0,0,0,0,0,0,0,0,0,0,0,0,0,0,0,0,0
2025-06-01,6466332.0,330313.0,1328241.0,448699.0,781330.0,619995.0,104024.0,1105436.0,74481.0,139080.0,269507.0,421962.0,843264.0,6466332.0,304334.0,1409050.0,469068.0,772721.0,642228.0,102291.0,1089313.0,69387.0,132910.0,254505.0,407432.0,813093.0,0.49999999999999994,-0.8660254037844387,30,0,0,0,0,0,0,0,0,0,0,0,0,0,0,0,0,0,0,0,0,0,0,0,0,0,0
2025-07-01,6673172.0,345576.0,1409212.0,469770.0,813213.0,650535.0,104946.0,1129048.0,73039.0,141460.0,262987.0,419852.0,853534.0,6673172.0,302331.0,1456118.0,472090.0,796873.0,663483.0,106284.0,1126031.0,73507.0,142165.0,261984.0,418402.0,853904.0,1.2246467991473532e-16,-1.0,31,0,0,0,0,0,0,0,0,0,0,0,0,0,0,0,0,0,0,0,0,0,0,0,0,0,0
2025-08-01,7241359.0,393082.0,1516365.0,504770.0,868791.0,706517.0,115436.0,1226091.0,84239.0,152963.0,287685.0,454837.0,930583.0,7241359.0,342010.0,1569094.0,514702.0,849062.0,724274.0,117417.0,1228032.0,83492.0,152319.0,285481.0,450887.0,924589.0,-0.4999999999999997,-0.8660254037844388,31,0,0,0,0,0,0,0,0,0,0,0,0,0,0,0,0,0,0,0,0,0,0,0,0,0,0
2025-09-01,6485407.0,359021.0,1338583.0,452505.0,793855.0,653300.0,105491.0,1105440.0,71867.0,140198.0,251849.0,407669.0,805629.0,6485407.0,316590.0,1384691.0,458039.0,774804.0,665252.0,106484.0,1106378.0,71651.0,141098.0,249490.0,405783.0,805147.0,-0.8660254037844385,-0.5000000000000004,30,0,0,0,0,0,0,0,0,0,0,0,0,0,0,0,0,0,0,0,0,0,0,0,0,0,0
2025-10-01,7351690.0,400641.0,1467682.0,517949.0,871391.0,679133.0,119220.0,1237635.0,92283.0,178493.0,308442.0,475847.0,1002974.0,7351690.0,329087.0,1524685.0,527331.0,848862.0,693820.0,121631.0,1240862.0,94746.0,181153.0,309874.0,475739.0,1003900.0,-1.0,-1.8369701987210297e-16,31,0,0,0,0,0,0,0,0,0,0,0,0,0,0,0,0,0,0,0,0,0,0,0,0,0,0
2025-11-01,7064162.0,368593.0,1466301.0,496316.0,846421.0,674157.0,113513.0,1204282.0,80805.0,149962.0,282867.0,454768.0,926177.0,7064162.0,311473.0,1533993.0,499543.0,816937.0,695172.0,114669.0,1204174.0,79675.0,149440.0,281456.0,452118.0,925512.0,-0.8660254037844386,0.5000000000000001,30,0,0,0,0,0,0,0,0,0,0,0,0,0,0,0,0,0,0,0,0,0,0,0,0,0,0
2025-12-01,7407572.0,394092.0,1519140.0,541593.0,896199.0,707405.0,118439.0,1255343.0,82636.0,155355.0,302575.0,474833.0,959962.0,7407572.0,336826.0,1582453.0,540408.0,861274.0,716784.0,119880.0,1262324.0,83051.0,156188.0,304011.0,474114.0,970259.0,-0.5000000000000004,0.8660254037844384,31,0,0,0,0,0,0,0,0,0,0,0,0,0,0,0,0,0,0,0,0,0,0,0,0,0,0
2026-01-01,6712553.0,347479.0,1400794.0,476725.0,811956.0,655275.0,107256.0,1143636.0,76935.0,138666.0,265485.0,432825.0,855521.0,6712553.0,304803.0,1443995.0,479079.0,808337.0,669189.0,109404.0,1141320.0,79022.0,138460.0,266774.0,426289.0,845881.0,0.0,1.0,31,0,0,0,0,0,0,0,0,0,0,0,0,0,0,0,0,0,0,0,0,0,0,0,0,0,0
2026-02-01,6740289.0,369455.0,1319334.0,496034.0,799983.0,577152.0,112682.0,1081529.0,95631.0,163999.0,312359.0,459462.0,952669.0,6740289.0,300302.0,1363009.0,507821.0,777514.0,587723.0,114444.0,1082872.0,96151.0,165644.0,315203.0,469865.0,959741.0,0.49999999999999994,0.8660254037844387,28,0,0,0,0,0,0,0,0,0,0,0,0,0,0,0,0,0,0,0,0,0,0,0,0,0,0
2026-03-01,7431269.0,378541.0,1517151.0,516674.0,877457.0,692556.0,123797.0,1255828.0,90631.0,164948.0,378728.0,486206.0,948752.0,7431269.0,331500.0,1586252.0,529666.0,855388.0,712083.0,123713.0,1248636.0,89004.0,164774.0,372328.0,474881.0,943044.0,0.8660254037844386,0.5000000000000001,31,0,0,0,0,0,0,0,0,0,0,0,0,0,0,0,0,0,0,0,0,0,0,0,0,0,0
2026-04-01,7220802.0,393529.0,1457139.0,520132.0,849834.0,669773.0,124314.0,1210811.0,90156.0,175109.0,319795.0,468472.0,941738.0,7220802.0,322997.0,1506715.0,526711.0,826526.0,682555.0,128581.0,1210463.0,94535.0,175378.0,324761.0,473118.0,948462.0,1.0,6.123233995736766e-17,30,0,0,0,0,0,0,0,0,0,0,0,0,0,0,0,0,0,0,0,0,0,0,0,0,0,0
2026-05-01,7263085.0,380330.0,1467348.0,516773.0,860490.0,699698.0,125103.0,1238296.0,87050.0,162139.0,319326.0,482360.0,924172.0,7263085.0,326949.0,1545005.0,528789.0,841391.0,720415.0,125806.0,1228184.0,84821.0,161810.0,312537.0,471513.0,915865.0,0.8660254037844387,-0.4999999999999998,31,0,0,0,0,0,0,0,0,0,0,0,0,0,0,0,0,0,0,0,0,0,0,0,0,0,0
2026-06-01,6706233.0,373891.0,1359036.0,479717.0,814795.0,655644.0,109381.0,1128066.0,77920.0,148300.0,272738.0,432681.0,854064.0,6706233.0,327534.0,1399811.0,484606.0,800875.0,672870.0,110617.0,1122765.0,79024.0,148964.0,273369.0,430303.0,855495.0,0.49999999999999994,-0.8660254037844387,30,0,0,0,0,0,0,0,0,0,0,0,0,0,0,0,0,0,0,0,0,0,0,0,0,0,0
2026-07-01,6966027.0,374313.0,1434891.0,497086.0,851715.0,685746.0,111491.0,1152808.0,78245.0,146863.0,278887.0,446547.0,907435.0,6966027.0,324747.0,1471888.0,495709.0,835166.0,694925.0,112396.0,1153512.0,80621.0,149305.0,284186.0,448978.0,914594.0,1.2246467991473532e-16,-1.0,31,0,0,0,0,0,0,0,0,0,0,0,0,0,0,0,0,0,0,0,0,0,0,0,0,0,0
