date,hsr_passengers,hsr_daily_passengers,hsr_passenger_km,hsr_avg_trip_km,hsr_occupancy_pct,hsr_punctuality_pct,month_sin,month_cos,days_in_month,hsr_passengers_is_missing,hsr_daily_passengers_is_missing,hsr_passenger_km_is_missing,hsr_avg_trip_km_is_missing,hsr_occupancy_pct_is_missing,hsr_punctuality_pct_is_missing
2007-01-01,1161047.0,43002.0,252905393.0,217.83,79.36,99.61,0.0,1.0,31,0,0,0,0,0,0
2007-02-01,724784.0,25885.0,163397100.0,225.44,49.44,99.81,0.49999999999999994,0.8660254037844387,28,0,0,0,0,0,0
2007-03-01,919455.0,29660.0,211535284.0,230.07,55.82,99.92,0.8660254037844386,0.5000000000000001,31,0,0,0,0,0,0
2007-04-01,1076413.0,35880.0,251318735.0,233.48,51.87,99.93,1.0,6.123233995736766e-17,30,0,0,0,0,0,0
2007-05-01,1155098.0,37261.0,266817258.0,230.99,53.29,99.94,0.8660254037844387,-0.4999999999999998,31,0,0,0,0,0,0
2007-06-01,1241227.0,41374.0,287557049.0,231.67,49.19,99.03,0.49999999999999994,-0.8660254037844387,30,0,0,0,0,0,0
2007-07-01,1425755.0,45992.0,327989649.0,230.05,52.69,99.39,1.2246467991473532e-16,-1.0,31,0,0,0,0,0,0
2007-08-01,1373686.0,44312.0,313322354.0,228.09,43.61,99.64,-0.4999999999999997,-0.8660254037844388,31,0,0,0,0,0,0
2007-09-01,1367236.0,45575.0,313785859.0,229.5,39.73,99.96,-0.8660254037844385,-0.5000000000000004,30,0,0,0,0,0,0
2007-10-01,1448553.0,46728.0,325843898.0,224.94,36.58,98.0,-1.0,-1.8369701987210297e-16,31,0,0,0,0,0,0
2007-11-01,1659506.0,55317.0,368249058.0,221.9,34.9,99.28,-0.8660254037844386,0.5000000000000001,30,0,0,0,0,0,0
2007-12-01,2002896.0,64610.0,437451789.0,218.41,37.57,99.89,-0.5000000000000004,0.8660254037844384,31,0,0,0,0,0,0
2008-01-01,1958004.0,63161.0,427087575.0,218.12,35.95,99.75,0.0,1.0,31,0,0,0,0,0,0
2008-02-01,2095210.0,72249.0,464631472.0,221.76,40.12,98.86,0.49999999999999994,0.8660254037844387,29,0,0,0,0,0,0
2008-03-01,2311821.0,74575.0,499869206.0,216.22,40.88,99.33,0.8660254037844386,0.5000000000000001,31,0,0,0,0,0,0
2008-04-01,2545527.0,84851.0,549950673.0,216.05,46.5,99.78,1.0,6.123233995736766e-17,30,0,0,0,0,0,0
2008-05-01,2603395.0,83980.0,560909249.0,215.45,45.84,99.62,0.8660254037844387,-0.4999999999999998,31,0,0,0,0,0,0
2008-06-01,2537620.0,84587.0,544917884.0,214.74,45.92,99.53,0.49999999999999994,-0.8660254037844387,30,0,0,0,0,0,0
2008-07-01,2811997.0,90710.0,605923969.0,215.48,47.12,97.98,1.2246467991473532e-16,-1.0,31,0,0,0,0,0,0
2008-08-01,2973150.0,95908.0,630249077.0,211.98,46.63,99.03,-0.4999999999999997,-0.8660254037844388,31,0,0,0,0,0,0
2008-09-01,2488574.0,82952.0,529600881.0,212.81,42.4,98.5,-0.8660254037844385,-0.5000000000000004,30,0,0,0,0,0,0
2008-10-01,2855980.0,92128.0,606826369.0,212.48,44.69,99.3,-1.0,-1.8369701987210297e-16,31,0,0,0,0,0,0
2008-11-01,2741710.0,91390.0,583940627.0,212.98,44.6,98.92,-0.8660254037844386,0.5000000000000001,30,0,0,0,0,0,0
2008-12-01,2658273.0,85751.0,562212593.0,211.5,40.93,99.71,-0.5000000000000004,0.8660254037844384,31,0,0,0,0,0,0
2009-01-01,2786684.0,89893.0,610598477.0,219.11,41.08,98.74,0.0,1.0,31,0,0,0,0,0,0
2009-02-01,2396835.0,85601.0,508782980.0,212.27,40.89,99.58,0.49999999999999994,0.8660254037844387,28,0,0,0,0,0,0
2009-03-01,2648005.0,85420.0,562792461.0,212.53,44.43,98.79,0.8660254037844386,0.5000000000000001,31,0,0,0,0,0,0
2009-04-01,2582952.0,86098.0,548602664.0,212.39,48.31,99.97,1.0,6.123233995736766e-17,30,0,0,0,0,0,0
2009-05-01,2752003.0,88774.0,589171415.0,214.09,48.13,100.0,0.8660254037844387,-0.4999999999999998,31,0,0,0,0,0,0
2009-06-01,2436486.0,81216.0,512670295.0,210.41,45.15,99.22,0.49999999999999994,-0.8660254037844387,30,0,0,0,0,0,0
2009-07-01,2957323.0,95398.0,631751940.0,213.62,50.57,99.92,1.2246467991473532e-16,-1.0,31,0,0,0,0,0,0
2009-08-01,2716287.0,87622.0,584485046.0,215.18,51.6,97.41,-0.4999999999999997,-0.8660254037844388,31,0,0,0,0,0,0
2009-09-01,2440872.0,81362.0,510246925.0,209.04,42.33,99.81,-0.8660254037844385,-0.5000000000000004,30,0,0,0,0,0,0
2009-10-01,2839086.0,91583.0,594853665.0,209.52,47.18,99.14,-1.0,-1.8369701987210297e-16,31,0,0,0,0,0,0
2009-11-01,2814651.0,93822.0,590607416.0,209.83,48.84,99.11,-0.8660254037844386,0.5000000000000001,30,0,0,0,0,0,0
2009-12-01,2978076.0,96067.0,619396924.0,207.99,48.72,99.38,-0.5000000000000004,0.8660254037844384,31,0,0,0,0,0,0
2010-01-01,2870737.0,92604.0,599486089.0,208.83,46.36,99.59,0.0,1.0,31,0,0,0,0,0,0
2010-02-01,3047303.0,108832.0,657353585.0,215.72,51.92,100.0,0.49999999999999994,0.8660254037844387,28,0,0,0,0,0,0
2010-03-01,2938307.0,94784.0,602431747.0,205.03,49.5,96.61,0.8660254037844386,0.5000000000000001,31,0,0,0,0,0,0
2010-04-01,3090380.0,103013.0,634098443.0,205.18,50.4,99.77,1.0,6.123233995736766e-17,30,0,0,0,0,0,0
2010-05-01,3212410.0,103626.0,641117323.0,199.58,49.72,99.85,0.8660254037844387,-0.4999999999999998,31,0,0,0,0,0,0
2010-06-01,2983161.0,99439.0,605285984.0,202.9,49.13,99.73,0.49999999999999994,-0.8660254037844387,30,0,0,0,0,0,0
2010-07-01,3160655.0,101957.0,641533373.0,202.97,49.28,98.8,1.2246467991473532e-16,-1.0,31,0,0,0,0,0,0
2010-08-01,3188488.0,102854.0,644414534.0,202.11,49.4,99.1,-0.4999999999999997,-0.8660254037844388,31,0,0,0,0,0,0
2010-09-01,2865777.0,95526.0,570657082.0,199.13,46.71,99.23,-0.8660254037844385,-0.5000000000000004,30,0,0,0,0,0,0
2010-10-01,3114371.0,100464.0,618194641.0,198.5,46.61,99.44,-1.0,-1.8369701987210297e-16,31,0,0,0,0,0,0
2010-11-01,3114886.0,103830.0,616960244.0,198.07,48.54,98.54,-0.8660254037844386,0.5000000000000001,30,0,0,0,0,0,0
2010-12-01,3353121.0,108165.0,659486545.0,196.68,50.17,99.85,-0.5000000000000004,0.8660254037844384,31,0,0,0,0,0,0
2011-01-01,3154725.0,101765.0,631384481.0,200.14,47.36,99.98,0.0,1.0,31,0,0,0,0,0,0
2011-02-01,3439685.0,122846.0,709820492.0,206.36,54.76,99.75,0.49999999999999994,0.8660254037844387,28,0,0,0,0,0,0
2011-03-01,3258311.0,105107.0,639937020.0,196.4,48.9,99.88,0.8660254037844386,0.5000000000000001,31,0,0,0,0,0,0
2011-04-01,3476554.0,115885.0,688708795.0,198.1,52.78,99.93,1.0,6.123233995736766e-17,30,0,0,0,0,0,0
2011-05-01,3318438.0,107046.0,648854206.0,195.53,49.0,99.93,0.8660254037844387,-0.4999999999999998,31,0,0,0,0,0,0
2011-06-01,3380395.0,112680.0,664488796.0,196.57,51.45,99.8,0.49999999999999994,-0.8660254037844387,30,0,0,0,0,0,0
2011-07-01,3691078.0,119067.0,725502888.0,196.56,53.96,99.95,1.2246467991473532e-16,-1.0,31,0,0,0,0,0,0
2011-08-01,3500945.0,112934.0,680753745.0,194.45,51.34,99.78,-0.4999999999999997,-0.8660254037844388,31,0,0,0,0,0,0
2011-09-01,3474884.0,115829.0,672042695.0,193.4,51.61,99.93,-0.8660254037844385,-0.5000000000000004,30,0,0,0,0,0,0
2011-10-01,3702168.0,119425.0,715457555.0,193.25,52.98,99.83,-1.0,-1.8369701987210297e-16,31,0,0,0,0,0,0
2011-11-01,3540421.0,118014.0,675667743.0,190.84,53.28,99.8,-0.8660254037844386,0.5000000000000001,30,0,0,0,0,0,0
2011-12-01,3691699.0,119087.0,695251077.0,188.33,52.23,99.83,-0.5000000000000004,0.8660254037844384,31,0,0,0,0,0,0
2012-01-01,3940570.0,127115.0,797431915.0,202.36,54.0,99.98,0.0,1.0,31,0,0,0,0,0,0
2012-02-01,3401837.0,117305.0,665974276.0,195.77,52.43,98.13,0.49999999999999994,0.8660254037844387,29,0,0,0,0,0,0
2012-03-01,3612732.0,116540.0,697872589.0,193.17,52.81,99.58,0.8660254037844386,0.5000000000000001,31,0,0,0,0,0,0
2012-04-01,3569495.0,118983.0,691549549.0,193.74,53.92,99.75,1.0,6.123233995736766e-17,30,0,0,0,0,0,0
2012-05-01,3577726.0,115411.0,692332025.0,193.51,52.4,99.8,0.8660254037844387,-0.4999999999999998,31,0,0,0,0,0,0
2012-06-01,3482425.0,116081.0,670337523.0,192.49,52.32,99.39,0.49999999999999994,-0.8660254037844387,30,0,0,0,0,0,0
2012-07-01,3902874.0,125899.0,764327992.0,195.84,57.26,99.9,1.2246467991473532e-16,-1.0,31,0,0,0,0,0,0
2012-08-01,3730155.0,120328.0,723214278.0,193.88,54.86,96.33,-0.4999999999999997,-0.8660254037844388,31,0,0,0,0,0,0
2012-09-01,3696134.0,123204.0,711329034.0,192.45,55.1,100.0,-0.8660254037844385,-0.5000000000000004,30,0,0,0,0,0,0
2012-10-01,3826495.0,123435.0,732481959.0,191.42,55.84,99.88,-1.0,-1.8369701987210297e-16,31,0,0,0,0,0,0
2012-11-01,3762009.0,125400.0,721096385.0,191.68,56.58,99.95,-0.8660254037844386,0.5000000000000001,30,0,0,0,0,0,0
2012-12-01,4023302.0,129784.0,773625732.0,192.29,57.51,100.0,-0.5000000000000004,0.8660254037844384,31,0,0,0,0,0,0
2013-01-01,3647415.0,117659.0,699108016.0,191.67,52.81,99.75,0.0,1.0,31,0,0,0,0,0,0
2013-02-01,3956747.0,141312.0,776516253.0,196.25,59.16,99.9,0.49999999999999994,0.8660254037844387,28,0,0,0,0,0,0
2013-03-01,4245483.0,136951.0,789594215.0,185.98,59.12,99.25,0.8660254037844386,0.5000000000000001,31,0,0,0,0,0,0
2013-04-01,3913418.0,130447.0,757045334.0,193.45,58.05,99.8,1.0,6.123233995736766e-17,30,0,0,0,0,0,0
2013-05-01,3904892.0,125964.0,747230935.0,191.36,56.41,99.95,0.8660254037844387,-0.4999999999999998,31,0,0,0,0,0,0
2013-06-01,3890726.0,129691.0,749371515.0,192.6,58.61,98.02,0.49999999999999994,-0.8660254037844387,30,0,0,0,0,0,0
2013-07-01,4052344.0,130721.0,787177796.0,194.25,59.29,98.53,1.2246467991473532e-16,-1.0,31,0,0,0,0,0,0
2013-08-01,4136920.0,133449.0,801175010.0,193.66,58.97,99.07,-0.4999999999999997,-0.8660254037844388,31,0,0,0,0,0,0
2013-09-01,3975780.0,132526.0,771266846.0,193.99,57.86,100.0,-0.8660254037844385,-0.5000000000000004,30,0,0,0,0,0,0
2013-10-01,3886353.0,125366.0,740802796.0,190.62,56.0,99.53,-1.0,-1.8369701987210297e-16,31,0,0,0,0,0,0
2013-11-01,3861841.0,128728.0,733845657.0,190.02,56.65,99.15,-0.8660254037844386,0.5000000000000001,30,0,0,0,0,0,0
2013-12-01,4014940.0,129514.0,764925903.0,190.52,57.02,99.57,-0.5000000000000004,0.8660254037844384,31,0,0,0,0,0,0
2014-01-01,3799436.0,122562.0,737870685.0,194.21,53.51,99.86,0.0,1.0,31,0,0,0,0,0,0
2014-02-01,3832719.0,136883.0,750356770.0,195.78,57.15,99.56,0.49999999999999994,0.8660254037844387,28,0,0,0,0,0,0
2014-03-01,4001023.0,129065.0,763825468.0,190.91,56.06,99.67,0.8660254037844386,0.5000000000000001,31,0,0,0,0,0,0
2014-04-01,3984512.0,132817.0,768408938.0,192.85,57.5,98.9,1.0,6.123233995736766e-17,30,0,0,0,0,0,0
2014-05-01,4029882.0,129996.0,776601117.0,192.71,56.39,99.53,0.8660254037844387,-0.4999999999999998,31,0,0,0,0,0,0
2014-06-01,3915932.0,130531.0,755887326.0,193.03,56.9,99.69,0.49999999999999994,-0.8660254037844387,30,0,0,0,0,0,0
2014-07-01,4078266.0,131557.0,788478435.0,193.34,59.15,99.54,1.2246467991473532e-16,-1.0,31,0,0,0,0,0,0
2014-08-01,4139391.0,133529.0,794774346.0,192.0,58.11,98.88,-0.4999999999999997,-0.8660254037844388,31,0,0,0,0,0,0
2014-09-01,3949938.0,131665.0,756007547.0,191.4,57.15,99.98,-0.8660254037844385,-0.5000000000000004,30,0,0,0,0,0,0
2014-10-01,4155844.0,134059.0,796790205.0,191.73,58.28,99.91,-1.0,-1.8369701987210297e-16,31,0,0,0,0,0,0
2014-11-01,4018332.0,133944.0,763478829.0,190.0,57.82,99.95,-0.8660254037844386,0.5000000000000001,30,0,0,0,0,0,0
2014-12-01,4119483.0,132887.0,782682626.0,190.0,57.57,99.88,-0.5000000000000004,0.8660254037844384,31,0,0,0,0,0,0
2015-01-01,3955998.0,127613.0,759692707.0,192.04,55.56,99.74,0.0,1.0,31,0,0,0,0,0,0
2015-02-01,4140433.0,147873.0,829581946.0,200.36,61.67,98.75,0.49999999999999994,0.8660254037844387,28,0,0,0,0,0,0
2015-03-01,4193956.0,135289.0,793788364.0,189.27,58.36,99.98,0.8660254037844386,0.5000000000000001,31,0,0,0,0,0,0
2015-04-01,4175062.0,139169.0,806777832.0,193.24,59.76,100.0,1.0,6.123233995736766e-17,30,0,0,0,0,0,0
2015-05-01,4213646.0,135924.0,808498901.0,191.88,58.61,99.91,0.8660254037844387,-0.4999999999999998,31,0,0,0,0,0,0
2015-06-01,4087705.0,136257.0,785888397.0,192.26,58.88,99.95,0.49999999999999994,-0.8660254037844387,30,0,0,0,0,0,0
2015-07-01,4211651.0,135860.0,808711177.0,192.02,59.68,99.86,1.2246467991473532e-16,-1.0,31,0,0,0,0,0,0
2015-08-01,4194775.0,135315.0,805697635.0,192.07,60.51,99.62,-0.4999999999999997,-0.8660254037844388,31,0,0,0,0,0,0
2015-09-01,4047485.0,134916.0,772490380.0,190.86,59.85,98.61,-0.8660254037844385,-0.5000000000000004,30,0,0,0,0,0,0
2015-10-01,4241370.0,136818.0,800995108.0,188.85,58.0,99.67,-1.0,-1.8369701987210297e-16,31,0,0,0,0,0,0
2015-11-01,4170979.0,139033.0,786351423.0,188.53,59.95,99.95,-0.8660254037844386,0.5000000000000001,30,0,0,0,0,0,0
2015-12-01,4928818.0,158994.0,896486817.0,181.89,64.95,99.86,-0.5000000000000004,0.8660254037844384,31,0,0,0,0,0,0
2016-01-01,4604235.0,148524.0,860538035.0,186.9,61.56,99.66,0.0,1.0,31,0,0,0,0,0,0
2016-02-01,4841423.0,166946.0,890813234.0,184.0,63.93,98.67,0.49999999999999994,0.8660254037844387,29,0,0,0,0,0,0
2016-03-01,4611193.0,148748.0,828071392.0,179.58,60.43,99.65,0.8660254037844386,0.5000000000000001,31,0,0,0,0,0,0
2016-04-01,4654341.0,155145.0,873389141.0,187.65,63.82,99.61,1.0,6.123233995736766e-17,30,0,0,0,0,0,0
2016-05-01,4618120.0,148972.0,859760683.0,186.17,61.69,99.32,0.8660254037844387,-0.4999999999999998,31,0,0,0,0,0,0
2016-06-01,4563193.0,152106.0,861841646.0,188.87,64.34,99.19,0.49999999999999994,-0.8660254037844387,30,0,0,0,0,0,0
2016-07-01,4737535.0,152824.0,885711402.0,186.96,65.4,99.71,1.2246467991473532e-16,-1.0,31,0,0,0,0,0,0
2016-08-01,4762706.0,153636.0,886706217.0,186.18,64.01,99.76,-0.4999999999999997,-0.8660254037844388,31,0,0,0,0,0,0
2016-09-01,4420684.0,147356.0,823881108.0,186.37,62.76,97.9,-0.8660254037844385,-0.5000000000000004,30,0,0,0,0,0,0
2016-10-01,4923512.0,158823.0,912408670.0,185.32,63.73,99.93,-1.0,-1.8369701987210297e-16,31,0,0,0,0,0,0
2016-11-01,4684505.0,156150.0,862747472.0,184.17,64.23,99.93,-0.8660254037844386,0.5000000000000001,30,0,0,0,0,0,0
2016-12-01,5164763.0,166605.0,942470832.0,182.48,66.28,99.79,-0.5000000000000004,0.8660254037844384,31,0,0,0,0,0,0
2017-01-01,5175232.0,166943.0,973916582.0,188.19,64.69,99.8,0.0,1.0,31,0,0,0,0,0,0
2017-02-01,4792273.0,171153.0,871727631.0,181.9,65.12,99.95,0.49999999999999994,0.8660254037844387,28,0,0,0,0,0,0
2017-03-01,4949836.0,159672.0,912742018.0,184.4,64.61,99.93,0.8660254037844386,0.5000000000000001,31,0,0,0,0,0,0
2017-04-01,5095172.0,169839.0,930345507.0,182.59,65.42,99.54,1.0,6.123233995736766e-17,30,0,0,0,0,0,0
2017-05-01,5142697.0,165893.0,951318586.0,184.98,64.64,99.4,0.8660254037844387,-0.4999999999999998,31,0,0,0,0,0,0
2017-06-01,4566730.0,152224.0,833910248.0,182.61,60.82,99.74,0.49999999999999994,-0.8660254037844387,30,0,0,0,0,0,0
2017-07-01,4978951.0,160611.0,916398700.0,184.05,64.96,99.91,1.2246467991473532e-16,-1.0,31,0,0,0,0,0,0
2017-08-01,5223860.0,168512.0,964586045.0,184.65,68.19,99.42,-0.4999999999999997,-0.8660254037844388,31,0,0,0,0,0,0
2017-09-01,4653364.0,155112.0,840002142.0,180.52,60.61,99.64,-0.8660254037844385,-0.5000000000000004,30,0,0,0,0,0,0
2017-10-01,5373773.0,173348.0,993044130.0,184.79,67.21,99.69,-1.0,-1.8369701987210297e-16,31,0,0,0,0,0,0
2017-11-01,5006047.0,166868.0,912281152.0,182.24,66.34,99.71,-0.8660254037844386,0.5000000000000001,30,0,0,0,0,0,0
2017-12-01,5613122.0,181068.0,1003085879.0,178.7,68.96,99.95,-0.5000000000000004,0.8660254037844384,31,0,0,0,0,0,0
2018-01-01,4958457.0,159950.0,893377718.0,180.17,62.32,99.93,0.0,1.0,31,0,0,0,0,0,0
2018-02-01,5154270.0,184081.0,971960701.0,188.57,69.17,99.88,0.49999999999999994,0.8660254037844387,28,0,0,0,0,0,0
2018-03-01,5308893.0,171255.0,949573004.0,178.86,66.24,99.08,0.8660254037844386,0.5000000000000001,31,0,0,0,0,0,0
2018-04-01,5475892.0,182530.0,1005448628.0,183.61,69.36,99.91,1.0,6.123233995736766e-17,30,0,0,0,0,0,0
2018-05-01,5212836.0,168156.0,936038564.0,179.56,65.38,99.7,0.8660254037844387,-0.4999999999999998,31,0,0,0,0,0,0
2018-06-01,5185704.0,172857.0,937853184.0,180.85,66.42,99.6,0.49999999999999994,-0.8660254037844387,30,0,0,0,0,0,0
2018-07-01,5289840.0,170640.0,955012853.0,180.54,66.28,99.45,1.2246467991473532e-16,-1.0,31,0,0,0,0,0,0
2018-08-01,5419952.0,174837.0,974048785.0,179.72,67.58,97.42,-0.4999999999999997,-0.8660254037844388,31,0,0,0,0,0,0
2018-09-01,5251154.0,175038.0,946984743.0,180.34,65.9,99.93,-0.8660254037844385,-0.5000000000000004,30,0,0,0,0,0,0
2018-10-01,5311974.0,171354.0,948121485.0,178.49,65.73,99.95,-1.0,-1.8369701987210297e-16,31,0,0,0,0,0,0
2018-11-01,5517382.0,183913.0,995150853.0,180.37,69.46,99.29,-0.8660254037844386,0.5000000000000001,30,0,0,0,0,0,0
2018-12-01,5876845.0,189576.0,1045216700.0,177.85,70.16,98.98,-0.5000000000000004,0.8660254037844384,31,0,0,0,0,0,0
2019-01-01,5326693.0,171829.0,956810932.0,179.63,65.2,100.0,0.0,1.0,31,0,0,0,0,0,0
2019-02-01,5425372.0,193763.0,1014470571.0,186.99,69.08,99.87,0.49999999999999994,0.8660254037844387,28,0,0,0,0,0,0
2019-03-01,5648453.0,182208.0,1012347921.0,179.23,68.11,100.0,0.8660254037844386,0.5000000000000001,31,0,0,0,0,0,0
2019-04-01,5678567.0,189286.0,1024068078.0,180.34,70.23,99.91,1.0,6.123233995736766e-17,30,0,0,0,0,0,0
2019-05-01,5475139.0,176617.0,967395436.0,176.69,66.01,99.93,0.8660254037844387,-0.4999999999999998,31,0,0,0,0,0,0
2019-06-01,5610936.0,187031.0,1001999502.0,178.58,69.42,99.91,0.49999999999999994,-0.8660254037844387,30,0,0,0,0,0,0
2019-07-01,5621665.0,181344.0,996939676.0,177.34,67.94,99.96,1.2246467991473532e-16,-1.0,31,0,0,0,0,0,0
2019-08-01,5559008.0,179323.0,982412145.0,176.72,67.43,99.44,-0.4999999999999997,-0.8660254037844388,31,0,0,0,0,0,0
2019-09-01,5505456.0,183515.0,972811987.0,176.7,66.13,99.93,-0.8660254037844385,-0.5000000000000004,30,0,0,0,0,0,0
2019-10-01,5801186.0,187135.0,1021510815.0,176.09,67.39,99.96,-1.0,-1.8369701987210297e-16,31,0,0,0,0,0,0
2019-11-01,5683553.0,189452.0,995537804.0,175.16,68.94,100.0,-0.8660254037844386,0.5000000000000001,30,0,0,0,0,0,0
2019-12-01,6075220.0,195975.0,1048148052.0,172.53,70.57,99.65,-0.5000000000000004,0.8660254037844384,31,0,0,0,0,0,0
2020-01-01,6230650.0,200989.0,1143651916.0,183.55,70.79,99.8,0.0,1.0,31,0,0,0,0,0,0
2020-02-01,3968432.0,136842.0,683592359.0,172.26,48.59,99.88,0.49999999999999994,0.8660254037844387,29,0,0,0,0,0,0
2020-03-01,3529935.0,113869.0,592594098.0,167.88,39.87,99.98,0.8660254037844386,0.5000000000000001,31,0,0,0,0,0,0
2020-04-01,2947586.0,98253.0,503008048.0,170.65,34.49,100.0,1.0,6.123233995736766e-17,30,0,0,0,0,0,0
2020-05-01,3670631.0,118407.0,621509396.0,169.32,45.61,99.95,0.8660254037844387,-0.4999999999999998,31,0,0,0,0,0,0
2020-06-01,4431804.0,147727.0,784625138.0,177.04,60.91,99.92,0.49999999999999994,-0.8660254037844387,30,0,0,0,0,0,0
2020-07-01,4975726.0,160507.0,865810357.0,174.01,61.39,99.93,1.2246467991473532e-16,-1.0,31,0,0,0,0,0,0
2020-08-01,5489625.0,177085.0,952062379.0,173.43,64.12,99.8,-0.4999999999999997,-0.8660254037844388,31,0,0,0,0,0,0
2020-09-01,5011876.0,167063.0,850398931.0,169.68,58.98,99.86,-0.8660254037844385,-0.5000000000000004,30,0,0,0,0,0,0
2020-10-01,5723958.0,184644.0,989561366.0,172.88,63.87,99.81,-1.0,-1.8369701987210297e-16,31,0,0,0,0,0,0
2020-11-01,5472335.0,182411.0,933516720.0,170.59,65.34,99.95,-0.8660254037844386,0.5000000000000001,30,0,0,0,0,0,0
2020-12-01,5786384.0,186658.0,991731610.0,171.39,67.25,98.11,-0.5000000000000004,0.8660254037844384,31,0,0,0,0,0,0
2021-01-01,4660193.0,150329.0,790159952.0,169.56,53.1,99.98,0.0,1.0,31,0,0,0,0,0,0
2021-02-01,4455946.0,159141.0,813051250.0,182.46,55.84,99.87,0.49999999999999994,0.8660254037844387,28,0,0,0,0,0,0
2021-03-01,5160243.0,166459.0,880082481.0,170.55,59.8,99.82,0.8660254037844386,0.5000000000000001,31,0,0,0,0,0,0
2021-04-01,5514868.0,183829.0,955793668.0,173.31,64.11,99.87,1.0,6.123233995736766e-17,30,0,0,0,0,0,0
2021-05-01,2696576.0,86986.0,467164537.0,173.24,35.24,99.98,0.8660254037844387,-0.4999999999999998,31,0,0,0,0,0,0
2021-06-01,539630.0,17988.0,89477275.0,165.81,11.2,99.92,0.49999999999999994,-0.8660254037844387,30,0,0,0,0,0,0
2021-07-01,1137242.0,36685.0,197798441.0,173.93,24.57,99.96,1.2246467991473532e-16,-1.0,31,0,0,0,0,0,0
2021-08-01,2225096.0,71777.0,392951155.0,176.6,40.96,87.02,-0.4999999999999997,-0.8660254037844388,31,0,0,0,0,0,0
2021-09-01,2960416.0,98681.0,528497667.0,178.52,43.37,99.65,-0.8660254037844385,-0.5000000000000004,30,0,0,0,0,0,0
2021-10-01,4032592.0,130084.0,708184134.0,175.62,54.6,99.15,-1.0,-1.8369701987210297e-16,31,0,0,0,0,0,0
2021-11-01,4537412.0,151247.0,791611927.0,174.46,57.65,100.0,-0.8660254037844386,0.5000000000000001,30,0,0,0,0,0,0
2021-12-01,5539344.0,178689.0,954015079.0,172.23,64.0,99.91,-0.5000000000000004,0.8660254037844384,31,0,0,0,0,0,0
2022-01-01,4148796.0,133832.0,729927234.0,175.94,48.44,99.94,0.0,1.0,31,0,0,0,0,0,0
2022-02-01,3973070.0,141895.0,711695200.0,179.13,49.32,99.98,0.49999999999999994,0.8660254037844387,28,0,0,0,0,0,0
2022-03-01,4837482.0,156048.0,820518798.0,169.62,56.43,99.66,0.8660254037844386,0.5000000000000001,31,0,0,0,0,0,0
2022-04-01,3976458.0,132549.0,692990746.0,174.27,47.39,97.77,1.0,6.123233995736766e-17,30,0,0,0,0,0,0
2022-05-01,2643078.0,85261.0,437823457.0,165.65,29.85,100.0,0.8660254037844387,-0.4999999999999998,31,0,0,0,0,0,0
2022-06-01,3133528.0,104451.0,527772909.0,168.43,37.4,99.95,0.49999999999999994,-0.8660254037844387,30,0,0,0,0,0,0
2022-07-01,4431576.0,142954.0,757269482.0,170.88,51.4,99.6,1.2246467991473532e-16,-1.0,31,0,0,0,0,0,0
2022-08-01,4970649.0,160344.0,857009562.0,172.41,59.1,99.44,-0.4999999999999997,-0.8660254037844388,31,0,0,0,0,0,0
2022-09-01,4947082.0,164903.0,859904449.0,173.82,59.42,98.03,-0.8660254037844385,-0.5000000000000004,30,0,0,0,0,0,0
2022-10-01,5383137.0,173650.0,933054236.0,173.33,62.69,99.46,-1.0,-1.8369701987210297e-16,31,0,0,0,0,0,0
2022-11-01,5502680.0,183423.0,946052794.0,171.93,66.38,99.95,-0.8660254037844386,0.5000000000000001,30,0,0,0,0,0,0
2022-12-01,6214472.0,200467.0,1064041641.0,171.22,71.49,99.87,-0.5000000000000004,0.8660254037844384,31,0,0,0,0,0,0
2023-01-01,6089874.0,196448.0,1089449178.0,178.9,68.7,99.7,0.0,1.0,31,0,0,0,0,0,0
2023-02-01,5497363.0,196334.0,944247901.0,171.76,69.07,98.67,0.49999999999999994,0.8660254037844387,28,0,0,0,0,0,0
2023-03-01,5986367.0,193109.0,1032979546.0,172.56,69.94,99.69,0.8660254037844386,0.5000000000000001,31,0,0,0,0,0,0
2023-04-01,6213664.0,207122.0,1081527753.0,174.06,72.6,99.72,1.0,6.123233995736766e-17,30,0,0,0,0,0,0
2023-05-01,5925155.0,191134.0,1009051871.0,170.3,68.44,98.81,0.8660254037844387,-0.4999999999999998,31,0,0,0,0,0,0
2023-06-01,5879128.0,195971.0,1012051168.0,172.14,69.04,99.87,0.49999999999999994,-0.8660254037844387,30,0,0,0,0,0,0
2023-07-01,6032903.0,194610.0,1030566248.0,170.82,69.91,99.87,1.2246467991473532e-16,-1.0,31,0,0,0,0,0,0
2023-08-01,6222351.0,200721.0,1064587921.0,171.09,72.5,99.91,-0.4999999999999997,-0.8660254037844388,31,0,0,0,0,0,0
2023-09-01,5826261.0,194209.0,980005765.0,168.2,67.3,98.87,-0.8660254037844385,-0.5000000000000004,30,0,0,0,0,0,0
2023-10-01,6428106.0,207358.0,1109028346.0,172.53,71.73,99.92,-1.0,-1.8369701987210297e-16,31,0,0,0,0,0,0
2023-11-01,6274964.0,209165.0,1074386058.0,171.22,74.24,99.89,-0.8660254037844386,0.5000000000000001,30,0,0,0,0,0,0
2023-12-01,6710532.0,216469.0,1136686814.0,169.39,74.41,99.96,-0.5000000000000004,0.8660254037844384,31,0,0,0,0,0,0
2024-01-01,6301769.0,203283.0,1082709220.0,171.81,69.7,99.98,0.0,1.0,31,0,0,0,0,0,0
2024-02-01,6380919.0,220032.0,1129866707.0,177.07,73.46,99.6,0.49999999999999994,0.8660254037844387,29,0,0,0,0,0,0
2024-03-01,6796713.0,219249.0,1156288444.0,170.12,74.47,100.0,0.8660254037844386,0.5000000000000001,31,0,0,0,0,0,0
2024-04-01,6405938.0,213531.0,1109428058.0,173.19,73.36,98.81,1.0,6.123233995736766e-17,30,0,0,0,0,0,0
2024-05-01,6388798.0,206090.0,1083729042.0,169.63,70.52,99.89,0.8660254037844387,-0.4999999999999998,31,0,0,0,0,0,0
2024-06-01,6450603.0,215020.0,1107392284.0,171.67,73.48,99.74,0.49999999999999994,-0.8660254037844387,30,0,0,0,0,0,0
2024-07-01,6255805.0,201800.0,1066961926.0,170.56,69.74,97.28,1.2246467991473532e-16,-1.0,31,0,0,0,0,0,0
2024-08-01,6752455.0,217821.0,1145940668.0,169.71,72.28,99.82,-0.4999999999999997,-0.8660254037844388,31,0,0,0,0,0,0
2024-09-01,6493172.0,216439.0,1106915518.0,170.47,70.23,100.0,-0.8660254037844385,-0.5000000000000004,30,0,0,0,0,0,0
2024-10-01,6153242.0,198492.0,1028684484.0,167.18,67.91,99.53,-1.0,-1.8369701987210297e-16,31,0,0,0,0,0,0
2024-11-01,6720644.0,224021.0,1133678095.0,168.69,71.62,99.49,-0.8660254037844386,0.5000000000000001,30,0,0,0,0,0,0
2024-12-01,7150425.0,230659.0,1199600581.0,167.77,73.86,99.8,-0.5000000000000004,0.8660254037844384,31,0,0,0,0,0,0
2025-01-01,6682762.0,215573.0,1155999949.0,172.98,70.09,96.14,0.0,1.0,31,0,0,0,0,0,0
2025-02-01,6282609.0,224379.0,1043595100.0,166.11,70.03,99.98,0.49999999999999994,0.8660254037844387,28,0,0,0,0,0,0
2025-03-01,6864874.0,221448.0,1160279946.0,169.02,72.19,99.78,0.8660254037844386,0.5000000000000001,31,0,0,0,0,0,0
2025-04-01,6711350.0,223712.0,1141101883.0,170.03,71.65,98.46,1.0,6.123233995736766e-17,30,0,0,0,0,0,0
2025-05-01,6839329.0,220624.0,1145556046.0,167.5,69.78,100.0,0.8660254037844387,-0.4999999999999998,31,0,0,0,0,0,0
2025-06-01,6466332.0,215544.0,1081535368.0,167.26,69.03,99.73,0.49999999999999994,-0.8660254037844387,30,0,0,0,0,0,0
2025-07-01,6673172.0,215264.0,1110348056.0,166.39,69.89,99.49,1.2246467991473532e-16,-1.0,31,0,0,0,0,0,0
2025-08-01,7241359.0,233592.0,1204744641.0,166.37,74.32,99.5,-0.4999999999999997,-0.8660254037844388,31,0,0,0,0,0,0
2025-09-01,6485407.0,216180.0,1056303527.0,162.87,67.29,99.92,-0.8660254037844385,-0.5000000000000004,30,0,0,0,0,0,0
2025-10-01,7351690.0,237151.0,1246878088.0,169.6,74.5,99.85,-1.0,-1.8369701987210297e-16,31,0,0,0,0,0,0
2025-11-01,7064162.0,235472.0,1172955128.0,166.04,74.66,99.96,-0.8660254037844386,0.5000000000000001,30,0,0,0,0,0,0
2025-12-01,7407572.0,238954.0,1228685908.0,165.87,75.31,99.09,-0.5000000000000004,0.8660254037844384,31,0,0,0,0,0,0
2026-01-01,6712553.0,216534.0,1106803941.0,164.89,68.14,99.72,0.0,1.0,31,0,0,0,0,0,0
2026-02-01,6740289.0,240725.0,1178337409.0,174.82,74.33,99.94,0.49999999999999994,0.8660254037844387,28,0,0,0,0,0,0
2026-03-01,7431269.0,239718.0,1225645298.0,164.93,73.17,99.88,0.8660254037844386,0.5000000000000001,31,0,0,0,0,0,0
2026-04-01,7220802.0,240693.0,1210081573.0,167.58,74.33,99.9,1.0,6.123233995736766e-17,30,0,0,0,0,0,0
2026-05-01,7263085.0,234293.0,1197637903.0,164.89,73.11,97.68,0.8660254037844387,-0.4999999999999998,31,0,0,0,0,0,0
2026-06-01,6706233.0,223541.0,1106627615.0,165.01,69.66,99.7,0.49999999999999994,-0.8660254037844387,30,0,0,0,0,0,0
2026-07-01,6966027.0,224711.0,1151275447.0,165.27,70.24,100.0,1.2246467991473532e-16,-1.0,31,0,0,0,0,0,0
