date,hsr_trips,hsr_train_km,month_sin,month_cos,days_in_month,hsr_trips_is_missing,hsr_train_km_is_missing
2007-01-01,1034.0,322218.0,0.0,1.0,31,0,0
2007-02-01,1064.0,334152.0,0.49999999999999994,0.8660254037844387,28,0,0
2007-03-01,1190.0,383166.0,0.8660254037844386,0.5000000000000001,31,0,0
2007-04-01,1500.0,489900.0,1.0,6.123233995736766e-17,30,0,0
2007-05-01,1550.0,506230.0,0.8660254037844387,-0.4999999999999998,31,0,0
2007-06-01,1860.0,591060.0,0.49999999999999994,-0.8660254037844387,30,0,0
2007-07-01,1982.0,629422.0,1.2246467991473532e-16,-1.0,31,0,0
2007-08-01,2240.0,726454.0,-0.4999999999999997,-0.8660254037844388,31,0,0
2007-09-01,2509.0,798509.0,-0.8660254037844385,-0.5000000000000004,30,0,0
2007-10-01,2754.0,900581.0,-1.0,-1.8369701987210297e-16,31,0,0
2007-11-01,3214.0,1066761.0,-0.8660254037844386,0.5000000000000001,30,0,0
2007-12-01,3503.0,1177375.0,-0.5000000000000004,0.8660254037844384,31,0,0
2008-01-01,3589.0,1201170.0,0.0,1.0,31,0,0
2008-02-01,3516.0,1171120.0,0.49999999999999994,0.8660254037844387,29,0,0
2008-03-01,3712.0,1236242.0,0.8660254037844386,0.5000000000000001,31,0,0
2008-04-01,3590.0,1195907.0,1.0,6.123233995736766e-17,30,0,0
2008-05-01,3715.0,1237279.0,0.8660254037844387,-0.4999999999999998,31,0,0
2008-06-01,3603.0,1199818.0,0.49999999999999994,-0.8660254037844387,30,0,0
2008-07-01,3918.0,1300355.0,1.2246467991473532e-16,-1.0,31,0,0
2008-08-01,4123.0,1366694.0,-0.4999999999999997,-0.8660254037844388,31,0,0
2008-09-01,3808.0,1262933.0,-0.8660254037844385,-0.5000000000000004,30,0,0
2008-10-01,4144.0,1373101.0,-1.0,-1.8369701987210297e-16,31,0,0
2008-11-01,3994.0,1323964.0,-0.8660254037844386,0.5000000000000001,30,0,0
2008-12-01,4188.0,1388747.0,-0.5000000000000004,0.8660254037844384,31,0,0
2009-01-01,4524.0,1502746.0,0.0,1.0,31,0,0
2009-02-01,3794.0,1258183.0,0.49999999999999994,0.8660254037844387,28,0,0
2009-03-01,3870.0,1280856.0,0.8660254037844386,0.5000000000000001,31,0,0
2009-04-01,3476.0,1148217.0,1.0,6.123233995736766e-17,30,0,0
2009-05-01,3743.0,1237767.0,0.8660254037844387,-0.4999999999999998,31,0,0
2009-06-01,3476.0,1148217.0,0.49999999999999994,-0.8660254037844387,30,0,0
2009-07-01,3818.0,1263213.0,1.2246467991473532e-16,-1.0,31,0,0
2009-08-01,3471.0,1145365.0,-0.4999999999999997,-0.8660254037844388,31,0,0
2009-09-01,3684.0,1218787.0,-0.8660254037844385,-0.5000000000000004,30,0,0
2009-10-01,3852.0,1274729.0,-1.0,-1.8369701987210297e-16,31,0,0
2009-11-01,3695.0,1222839.0,-0.8660254037844386,0.5000000000000001,30,0,0
2009-12-01,3883.0,1285586.0,-0.5000000000000004,0.8660254037844384,31,0,0
2010-01-01,3948.0,1307480.0,0.0,1.0,31,0,0
2010-02-01,3857.0,1280236.0,0.49999999999999994,0.8660254037844387,28,0,0
2010-03-01,3780.0,1230561.0,0.8660254037844386,0.5000000000000001,31,0,0
2010-04-01,3842.0,1272194.0,1.0,6.123233995736766e-17,30,0,0
2010-05-01,3938.0,1303927.0,0.8660254037844387,-0.4999999999999998,31,0,0
2010-06-01,3764.0,1245750.0,0.49999999999999994,-0.8660254037844387,30,0,0
2010-07-01,4000.0,1316349.0,1.2246467991473532e-16,-1.0,31,0,0
2010-08-01,4018.0,1319026.0,-0.4999999999999997,-0.8660254037844388,31,0,0
2010-09-01,3767.0,1235263.0,-0.8660254037844385,-0.5000000000000004,30,0,0
2010-10-01,4081.0,1341139.0,-1.0,-1.8369701987210297e-16,31,0,0
2010-11-01,3915.0,1285138.0,-0.8660254037844386,0.5000000000000001,30,0,0
2010-12-01,4050.0,1329185.0,-0.5000000000000004,0.8660254037844384,31,0,0
2011-01-01,4102.0,1347905.0,0.0,1.0,31,0,0
2011-02-01,3977.0,1310760.0,0.49999999999999994,0.8660254037844387,28,0,0
2011-03-01,4031.0,1323098.0,0.8660254037844386,0.5000000000000001,31,0,0
2011-04-01,4012.0,1319284.0,1.0,6.123233995736766e-17,30,0,0
2011-05-01,4076.0,1338904.0,0.8660254037844387,-0.4999999999999998,31,0,0
2011-06-01,3975.0,1305853.0,0.49999999999999994,-0.8660254037844387,30,0,0
2011-07-01,4135.0,1359460.0,1.2246467991473532e-16,-1.0,31,0,0
2011-08-01,4083.0,1340740.0,-0.4999999999999997,-0.8660254037844388,31,0,0
2011-09-01,4007.0,1316710.0,-0.8660254037844385,-0.5000000000000004,30,0,0
2011-10-01,4152.0,1365567.0,-1.0,-1.8369701987210297e-16,31,0,0
2011-11-01,3906.0,1282264.0,-0.8660254037844386,0.5000000000000001,30,0,0
2011-12-01,4097.0,1346029.0,-0.5000000000000004,0.8660254037844384,31,0,0
2012-01-01,4524.0,1493235.0,0.0,1.0,31,0,0
2012-02-01,3905.0,1284417.0,0.49999999999999994,0.8660254037844387,29,0,0
2012-03-01,4068.0,1336190.0,0.8660254037844386,0.5000000000000001,31,0,0
2012-04-01,3946.0,1296712.0,1.0,6.123233995736766e-17,30,0,0
2012-05-01,4071.0,1335990.0,0.8660254037844387,-0.4999999999999998,31,0,0
2012-06-01,3943.0,1295355.0,0.49999999999999994,-0.8660254037844387,30,0,0
2012-07-01,4105.0,1349640.0,1.2246467991473532e-16,-1.0,31,0,0
2012-08-01,4055.0,1332856.0,-0.4999999999999997,-0.8660254037844388,31,0,0
2012-09-01,3969.0,1305433.0,-0.8660254037844385,-0.5000000000000004,30,0,0
2012-10-01,4037.0,1326390.0,-1.0,-1.8369701987210297e-16,31,0,0
2012-11-01,3923.0,1288749.0,-0.8660254037844386,0.5000000000000001,30,0,0
2012-12-01,4136.0,1360158.0,-0.5000000000000004,0.8660254037844384,31,0,0
2013-01-01,4072.0,1338444.0,0.0,1.0,31,0,0
2013-02-01,4032.0,1327267.0,0.49999999999999994,0.8660254037844387,28,0,0
2013-03-01,4141.0,1350369.0,0.8660254037844386,0.5000000000000001,31,0,0
2013-04-01,4012.0,1318684.0,1.0,6.123233995736766e-17,30,0,0
2013-05-01,4077.0,1339423.0,0.8660254037844387,-0.4999999999999998,31,0,0
2013-06-01,3931.0,1292700.0,0.49999999999999994,-0.8660254037844387,30,0,0
2013-07-01,4085.0,1342356.0,1.2246467991473532e-16,-1.0,31,0,0
2013-08-01,4177.0,1373710.0,-0.4999999999999997,-0.8660254037844388,31,0,0
2013-09-01,4099.0,1347924.0,-0.8660254037844385,-0.5000000000000004,30,0,0
2013-10-01,4080.0,1337569.0,-1.0,-1.8369701987210297e-16,31,0,0
2013-11-01,3996.0,1309748.0,-0.8660254037844386,0.5000000000000001,30,0,0
2013-12-01,4157.0,1356516.0,-0.5000000000000004,0.8660254037844384,31,0,0
2014-01-01,4291.0,1394263.0,0.0,1.0,31,0,0
2014-02-01,4081.0,1327660.0,0.49999999999999994,0.8660254037844387,28,0,0
2014-03-01,4252.0,1377781.0,0.8660254037844386,0.5000000000000001,31,0,0
2014-04-01,4167.0,1351236.0,1.0,6.123233995736766e-17,30,0,0
2014-05-01,4297.0,1392530.0,0.8660254037844387,-0.4999999999999998,31,0,0
2014-06-01,4148.0,1343194.0,0.49999999999999994,-0.8660254037844387,30,0,0
2014-07-01,4174.0,1347748.0,1.2246467991473532e-16,-1.0,31,0,0
2014-08-01,4279.0,1382834.0,-0.4999999999999997,-0.8660254037844388,31,0,0
2014-09-01,4132.0,1337594.0,-0.8660254037844385,-0.5000000000000004,30,0,0
2014-10-01,4269.0,1382500.0,-1.0,-1.8369701987210297e-16,31,0,0
2014-11-01,4125.0,1335219.0,-0.8660254037844386,0.5000000000000001,30,0,0
2014-12-01,4252.0,1374758.0,-0.5000000000000004,0.8660254037844384,31,0,0
2015-01-01,4263.0,1382618.0,0.0,1.0,31,0,0
2015-02-01,4162.0,1360076.0,0.49999999999999994,0.8660254037844387,28,0,0
2015-03-01,4256.0,1375218.0,0.8660254037844386,0.5000000000000001,31,0,0
2015-04-01,4202.0,1365112.0,1.0,6.123233995736766e-17,30,0,0
2015-05-01,4306.0,1394874.0,0.8660254037844387,-0.4999999999999998,31,0,0
2015-06-01,4165.0,1349508.0,0.49999999999999994,-0.8660254037844387,30,0,0
2015-07-01,4242.0,1370109.0,1.2246467991473532e-16,-1.0,31,0,0
2015-08-01,4170.0,1346399.0,-0.4999999999999997,-0.8660254037844388,31,0,0
2015-09-01,4027.0,1304981.0,-0.8660254037844385,-0.5000000000000004,30,0,0
2015-10-01,4304.0,1396329.0,-1.0,-1.8369701987210297e-16,31,0,0
2015-11-01,4100.0,1326199.0,-0.8660254037844386,0.5000000000000001,30,0,0
2015-12-01,4335.0,1395561.0,-0.5000000000000004,0.8660254037844384,31,0,0
2016-01-01,4398.0,1413347.0,0.0,1.0,31,0,0
2016-02-01,4439.0,1408973.0,0.49999999999999994,0.8660254037844387,29,0,0
2016-03-01,4327.0,1385489.0,0.8660254037844386,0.5000000000000001,31,0,0
2016-04-01,4314.0,1383731.0,1.0,6.123233995736766e-17,30,0,0
2016-05-01,4389.0,1409217.0,0.8660254037844387,-0.4999999999999998,31,0,0
2016-06-01,4213.0,1354488.0,0.49999999999999994,-0.8660254037844387,30,0,0
2016-07-01,4107.0,1369390.0,1.2246467991473532e-16,-1.0,31,0,0
2016-08-01,4196.0,1400570.0,-0.4999999999999997,-0.8660254037844388,31,0,0
2016-09-01,3996.0,1327306.0,-0.8660254037844385,-0.5000000000000004,30,0,0
2016-10-01,4344.0,1447676.0,-1.0,-1.8369701987210297e-16,31,0,0
2016-11-01,4067.0,1358142.0,-0.8660254037844386,0.5000000000000001,30,0,0
2016-12-01,4316.0,1437856.0,-0.5000000000000004,0.8660254037844384,31,0,0
2017-01-01,4586.0,1522288.0,0.0,1.0,31,0,0
2017-02-01,4091.0,1353578.0,0.49999999999999994,0.8660254037844387,28,0,0
2017-03-01,4282.0,1428403.0,0.8660254037844386,0.5000000000000001,31,0,0
2017-04-01,4331.0,1437896.0,1.0,6.123233995736766e-17,30,0,0
2017-05-01,4471.0,1488071.0,0.8660254037844387,-0.4999999999999998,31,0,0
2017-06-01,4155.0,1386296.0,0.49999999999999994,-0.8660254037844387,30,0,0
2017-07-01,4276.0,1426510.0,1.2246467991473532e-16,-1.0,31,0,0
2017-08-01,4283.0,1430335.0,-0.4999999999999997,-0.8660254037844388,31,0,0
2017-09-01,4199.0,1401271.0,-0.8660254037844385,-0.5000000000000004,30,0,0
2017-10-01,4489.0,1493868.0,-1.0,-1.8369701987210297e-16,31,0,0
2017-11-01,4164.0,1390384.0,-0.8660254037844386,0.5000000000000001,30,0,0
2017-12-01,4424.0,1470800.0,-0.5000000000000004,0.8660254037844384,31,0,0
2018-01-01,4351.0,1449513.0,0.0,1.0,31,0,0
2018-02-01,4297.0,1420754.0,0.49999999999999994,0.8660254037844387,28,0,0
2018-03-01,4355.0,1449523.0,0.8660254037844386,0.5000000000000001,31,0,0
2018-04-01,4414.0,1465755.0,1.0,6.123233995736766e-17,30,0,0
2018-05-01,4339.0,1447517.0,0.8660254037844387,-0.4999999999999998,31,0,0
2018-06-01,4286.0,1427610.0,0.49999999999999994,-0.8660254037844387,30,0,0
2018-07-01,4378.0,1457012.0,1.2246467991473532e-16,-1.0,31,0,0
2018-08-01,4379.0,1457329.0,-0.4999999999999997,-0.8660254037844388,31,0,0
2018-09-01,4372.0,1452913.0,-0.8660254037844385,-0.5000000000000004,30,0,0
2018-10-01,4378.0,1458565.0,-1.0,-1.8369701987210297e-16,31,0,0
2018-11-01,4359.0,1448648.0,-0.8660254037844386,0.5000000000000001,30,0,0
2018-12-01,4529.0,1506426.0,-0.5000000000000004,0.8660254037844384,31,0,0
2019-01-01,4461.0,1483931.0,0.0,1.0,31,0,0
2019-02-01,4511.0,1484776.0,0.49999999999999994,0.8660254037844387,28,0,0
2019-03-01,4521.0,1502866.0,0.8660254037844386,0.5000000000000001,31,0,0
2019-04-01,4443.0,1474426.0,1.0,6.123233995736766e-17,30,0,0
2019-05-01,4454.0,1481851.0,0.8660254037844387,-0.4999999999999998,31,0,0
2019-06-01,4388.0,1459545.0,0.49999999999999994,-0.8660254037844387,30,0,0
2019-07-01,4461.0,1483783.0,1.2246467991473532e-16,-1.0,31,0,0
2019-08-01,4452.0,1473079.0,-0.4999999999999997,-0.8660254037844388,31,0,0
2019-09-01,4488.0,1487416.0,-0.8660254037844385,-0.5000000000000004,30,0,0
2019-10-01,4623.0,1532669.0,-1.0,-1.8369701987210297e-16,31,0,0
2019-11-01,4397.0,1460042.0,-0.8660254037844386,0.5000000000000001,30,0,0
2019-12-01,4528.0,1501694.0,-0.5000000000000004,0.8660254037844384,31,0,0
2020-01-01,4962.0,1633463.0,0.0,1.0,31,0,0
2020-02-01,4288.0,1422593.0,0.49999999999999994,0.8660254037844387,29,0,0
2020-03-01,4526.0,1502666.0,0.8660254037844386,0.5000000000000001,31,0,0
2020-04-01,4441.0,1474648.0,1.0,6.123233995736766e-17,30,0,0
2020-05-01,4131.0,1377746.0,0.8660254037844387,-0.4999999999999998,31,0,0
2020-06-01,3906.0,1302395.0,0.49999999999999994,-0.8660254037844387,30,0,0
2020-07-01,4265.0,1426068.0,1.2246467991473532e-16,-1.0,31,0,0
2020-08-01,4519.0,1501303.0,-0.4999999999999997,-0.8660254037844388,31,0,0
2020-09-01,4392.0,1457761.0,-0.8660254037844385,-0.5000000000000004,30,0,0
2020-10-01,4728.0,1566568.0,-1.0,-1.8369701987210297e-16,31,0,0
2020-11-01,4371.0,1451699.0,-0.8660254037844386,0.5000000000000001,30,0,0
2020-12-01,4547.0,1509446.0,-0.5000000000000004,0.8660254037844384,31,0,0
2021-01-01,4592.0,1523075.0,0.0,1.0,31,0,0
2021-02-01,4530.0,1490414.0,0.49999999999999994,0.8660254037844387,28,0,0
2021-03-01,4537.0,1506320.0,0.8660254037844386,0.5000000000000001,31,0,0
2021-04-01,4617.0,1525910.0,1.0,6.123233995736766e-17,30,0,0
2021-05-01,4074.0,1356991.0,0.8660254037844387,-0.4999999999999998,31,0,0
2021-06-01,2440.0,817754.0,0.49999999999999994,-0.8660254037844387,30,0,0
2021-07-01,2455.0,824128.0,1.2246467991473532e-16,-1.0,31,0,0
2021-08-01,2989.0,981828.0,-0.4999999999999997,-0.8660254037844388,31,0,0
2021-09-01,3751.0,1247344.0,-0.8660254037844385,-0.5000000000000004,30,0,0
2021-10-01,3985.0,1327480.0,-1.0,-1.8369701987210297e-16,31,0,0
2021-11-01,4223.0,1405507.0,-0.8660254037844386,0.5000000000000001,30,0,0
2021-12-01,4599.0,1525772.0,-0.5000000000000004,0.8660254037844384,31,0,0
2022-01-01,4653.0,1542258.0,0.0,1.0,31,0,0
2022-02-01,4492.0,1477034.0,0.49999999999999994,0.8660254037844387,28,0,0
2022-03-01,4476.0,1488292.0,0.8660254037844386,0.5000000000000001,31,0,0
2022-04-01,4525.0,1496876.0,1.0,6.123233995736766e-17,30,0,0
2022-05-01,4520.0,1501113.0,0.8660254037844387,-0.4999999999999998,31,0,0
2022-06-01,4341.0,1444295.0,0.49999999999999994,-0.8660254037844387,30,0,0
2022-07-01,4543.0,1508052.0,1.2246467991473532e-16,-1.0,31,0,0
2022-08-01,4464.0,1484290.0,-0.4999999999999997,-0.8660254037844388,31,0,0
2022-09-01,4464.0,1481228.0,-0.8660254037844385,-0.5000000000000004,30,0,0
2022-10-01,4592.0,1523410.0,-1.0,-1.8369701987210297e-16,31,0,0
2022-11-01,4391.0,1458660.0,-0.8660254037844386,0.5000000000000001,30,0,0
2022-12-01,4593.0,1523448.0,-0.5000000000000004,0.8660254037844384,31,0,0
2023-01-01,4923.0,1623191.0,0.0,1.0,31,0,0
2023-02-01,4224.0,1399211.0,0.49999999999999994,0.8660254037844387,28,0,0
2023-03-01,4554.0,1511762.0,0.8660254037844386,0.5000000000000001,31,0,0
2023-04-01,4616.0,1524875.0,1.0,6.123233995736766e-17,30,0,0
2023-05-01,4553.0,1509167.0,0.8660254037844387,-0.4999999999999998,31,0,0
2023-06-01,4539.0,1500375.0,0.49999999999999994,-0.8660254037844387,30,0,0
2023-07-01,4551.0,1508866.0,1.2246467991473532e-16,-1.0,31,0,0
2023-08-01,4530.0,1502983.0,-0.4999999999999997,-0.8660254037844388,31,0,0
2023-09-01,4503.0,1490531.0,-0.8660254037844385,-0.5000000000000004,30,0,0
2023-10-01,4794.0,1582421.0,-1.0,-1.8369701987210297e-16,31,0,0
2023-11-01,4476.0,1481292.0,-0.8660254037844386,0.5000000000000001,30,0,0
2023-12-01,4728.0,1563540.0,-0.5000000000000004,0.8660254037844384,31,0,0
2024-01-01,4818.0,1590067.0,0.0,1.0,31,0,0
2024-02-01,4793.0,1574372.0,0.49999999999999994,0.8660254037844387,29,0,0
2024-03-01,4805.0,1589157.0,0.8660254037844386,0.5000000000000001,31,0,0
2024-04-01,4692.0,1547902.0,1.0,6.123233995736766e-17,30,0,0
2024-05-01,4759.0,1573033.0,0.8660254037844387,-0.4999999999999998,31,0,0
2024-06-01,4671.0,1542575.0,0.49999999999999994,-0.8660254037844387,30,0,0
2024-07-01,4736.0,1566037.0,1.2246467991473532e-16,-1.0,31,0,0
2024-08-01,4908.0,1622687.0,-0.4999999999999997,-0.8660254037844388,31,0,0
2024-09-01,4895.0,1613130.0,-0.8660254037844385,-0.5000000000000004,30,0,0
2024-10-01,4718.0,1550386.0,-1.0,-1.8369701987210297e-16,31,0,0
2024-11-01,4901.0,1620222.0,-0.8660254037844386,0.5000000000000001,30,0,0
2024-12-01,5033.0,1662471.0,-0.5000000000000004,0.8660254037844384,31,0,0
2025-01-01,5130.0,1688025.0,0.0,1.0,31,0,0
2025-02-01,4674.0,1525317.0,0.49999999999999994,0.8660254037844387,28,0,0
2025-03-01,4976.0,1645100.0,0.8660254037844386,0.5000000000000001,31,0,0
2025-04-01,4947.0,1630137.0,1.0,6.123233995736766e-17,30,0,0
2025-05-01,5087.0,1680345.0,0.8660254037844387,-0.4999999999999998,31,0,0
2025-06-01,4855.0,1603594.0,0.49999999999999994,-0.8660254037844387,30,0,0
2025-07-01,4931.0,1626107.0,1.2246467991473532e-16,-1.0,31,0,0
2025-08-01,5023.0,1659111.0,-0.4999999999999997,-0.8660254037844388,31,0,0
2025-09-01,4859.0,1606828.0,-0.8660254037844385,-0.5000000000000004,30,0,0
2025-10-01,5197.0,1713146.0,-1.0,-1.8369701987210297e-16,31,0,0
2025-11-01,4871.0,1608049.0,-0.8660254037844386,0.5000000000000001,30,0,0
2025-12-01,5056.0,1669809.0,-0.5000000000000004,0.8660254037844384,31,0,0
2026-01-01,5032.0,1662661.0,0.0,1.0,31,0,0
2026-02-01,4947.0,1622664.0,0.49999999999999994,0.8660254037844387,28,0,0
2026-03-01,5208.0,1714594.0,0.8660254037844386,0.5000000000000001,31,0,0
2026-04-01,5070.0,1666403.0,1.0,6.123233995736766e-17,30,0,0
2026-05-01,5089.0,1676805.0,0.8660254037844387,-0.4999999999999998,31,0,0
2026-06-01,4925.0,1626120.0,0.49999999999999994,-0.8660254037844387,30,0,0
2026-07-01,5079.0,1677647.0,1.2246467991473532e-16,-1.0,31,0,0
