,進出站旅客人數,進站,,,,,,,,,,,,,出站,,,,,,,,,,,,
,高鐵車站別,總計,南港,臺北,板橋,桃園,新竹,苗栗,臺中,彰化,雲林,嘉義,臺南,左營,總計,南港,臺北,板橋,桃園,新竹,苗栗,臺中,彰化,雲林,嘉義,臺南,左營
日期,,,,,,,,,,,,,,,,,,,,,,,,,,,
096年,,15555656,-,4038417,1554648,977525,976762,-,2663913,-,-,878977,1238461,3226953,15555656,-,4132378,1543088,912346,943286,-,2579634,-,-,853032,1233541,3358351
096年01月,,1161047,-,-,361483,83374,70811,-,190724,-,-,60498,101015,293142,1161047,-,-,362768,81237,70768,-,185591,-,-,58444,96571,305668
096年02月,,724784,-,-,251462,50236,42628,-,102085,-,-,46227,66191,165955,724784,-,-,253325,45302,39911,-,101043,-,-,45798,66933,172472
096年03月,,919455,-,253993,80047,56640,53230,-,147960,-,-,54326,76138,197121,919455,-,262122,75285,52037,50916,-,145496,-,-,54723,75676,203200
096年04月,,1076413,-,308830,82046,64569,61063,-,172817,-,-,66119,85099,235870,1076413,-,319834,78831,60157,57897,-,168412,-,-,60910,85819,244553
096年05月,,1155098,-,329918,82357,69446,69308,-,198274,-,-,69305,88887,247603,1155098,-,340350,80829,64234,64768,-,189667,-,-,63860,88064,263326
096年06月,,1241227,-,360047,85127,76233,74777,-,212548,-,-,73461,98874,260160,1241227,-,373003,84322,69183,70129,-,197066,-,-,68031,96468,283025
096年07月,,1425755,-,415411,97873,89316,87534,-,243267,-,-,81970,111738,298646,1425755,-,429991,97188,81295,83468,-,228697,-,-,78518,109636,316962
096年08月,,1373686,-,417663,92484,84869,87666,-,236629,-,-,73671,105988,274716,1373686,-,420593,88873,78825,83446,-,232658,-,-,73558,107625,288108
096年09月,,1367236,-,409056,92286,83326,87251,-,232930,-,-,76050,107223,279114,1367236,-,423675,90219,77356,84625,-,222300,-,-,72946,107214,288901
096年10月,,1448553,-,443597,94070,83139,90434,-,249212,-,-,78094,119349,290658,1448553,-,433624,94493,91847,95405,-,259328,-,-,80689,117230,275937
096年11月,,1659506,-,498064,107349,107157,113115,-,303174,-,-,89111,128190,313346,1659506,-,509569,105704,94680,109017,-,291269,-,-,88283,131606,329378
096年12月,,2002896,-,601838,128064,129220,138945,-,374293,-,-,110145,149769,370622,2002896,-,619617,131251,116193,132936,-,358107,-,-,107272,150699,386821
097年,,30581261,-,9013287,1960459,2148825,2323370,-,5376343,-,-,1649177,2294485,5815315,30581261,-,9057238,1992914,2000195,2288106,-,5334439,-,-,1646224,2331412,5930733
097年01月,,1958004,-,601161,127417,126560,135946,-,357300,-,-,103790,148858,356972,1958004,-,592024,128060,119604,134925,-,356003,-,-,104778,153753,368857
097年02月,,2095210,-,627687,150185,136347,140603,-,348979,-,-,130408,158187,402814,2095210,-,615057,145893,127148,134519,-,357194,-,-,133140,164651,417608
097年03月,,2311821,-,680217,146052,152306,166206,-,415344,-,-,130199,181928,439569,2311821,-,694204,149349,141627,163923,-,405854,-,-,127347,182945,446572
097年04月,,2545527,-,746241,163968,171640,184111,-,451602,-,-,151205,193241,483519,2545527,-,744716,169443,161238,181288,-,446806,-,-,148284,197524,496228
097年05月,,2603395,-,757563,167943,184388,197591,-,462999,-,-,141277,195250,496384,2603395,-,759411,171732,170799,193473,-,457179,-,-,140492,196776,513533
097年06月,,2537620,-,747432,158977,178109,196844,-,445344,-,-,133284,189474,488156,2537620,-,759417,164531,169848,196371,-,438429,-,-,131282,189349,488393
097年07月,,2811997,-,832443,174964,200223,216229,-,481409,-,-,148002,208881,549846,2811997,-,833450,179384,190026,214343,-,478230,-,-,147806,212036,556722
097年08月,,2973150,-,888463,178344,207903,236777,-,522404,-,-,153969,215642,569648,2973150,-,887347,184322,196283,234302,-,521789,-,-,154468,218706,575933
097年09月,,2488574,-,726719,155180,181986,197803,-,438035,-,-,129193,186611,473047,2488574,-,735772,159807,168664,196852,-,435810,-,-,128347,190978,472344
097年10月,,2855980,-,835333,177968,210059,228215,-,500975,-,-,149661,211640,542129,2855980,-,835853,181662,196035,222539,-,497163,-,-,151298,215006,556424
097年11月,,2741710,-,779226,194947,202217,212475,-,482811,-,-,143585,207495,518954,2741710,-,795516,194307,182502,211158,-,477831,-,-,142725,208627,529044
097年12月,,2658273,-,790802,164514,197087,210570,-,469141,-,-,134604,197278,494277,2658273,-,804471,164424,176421,204413,-,462151,-,-,136257,201061,509075
098年,,32349260,-,9456605,2080441,2417447,2541812,-,5598956,-,-,1735401,2380625,6137973,32349260,-,9637887,2074254,2261306,2513136,-,5578114,-,-,1732098,2400295,6152170
098年01月,,2786684,-,825916,195664,199050,190034,-,455950,-,-,167103,206625,546342,2786684,-,797469,188149,187045,186406,-,464255,-,-,175324,212539,575497
098年02月,,2396835,-,688274,150529,175439,185163,-,418382,-,-,128850,175767,474431,2396835,-,729301,156648,169183,186110,-,409599,-,-,121050,171326,453618
098年03月,,2648005,-,783356,166754,192010,204132,-,465823,-,-,145521,193318,497091,2648005,-,802816,169352,179181,202141,-,462143,-,-,142722,193881,495769
098年04月,,2582952,-,757570,165893,193021,200386,-,443555,-,-,149719,191860,480948,2582952,-,768135,164560,179133,197384,-,445080,-,-,148308,193779,486573
098年05月,,2752003,-,800042,179636,197433,212190,-,468849,-,-,154776,205411,533666,2752003,-,812172,180460,185763,209426,-,469961,-,-,154490,205958,533773
098年06月,,2436486,-,717723,156060,181455,197523,-,423334,-,-,124947,179161,456283,2436486,-,733397,156823,171674,197966,-,421430,-,-,124366,180140,450690
098年07月,,2957323,-,872001,189528,218003,234513,-,498746,-,-,153960,215278,575294,2957323,-,875622,185138,207180,231929,-,501061,-,-,155299,219164,581930
098年08月,,2716287,-,790551,174390,204045,211494,-,457705,-,-,141083,193186,543833,2716287,-,816999,173947,192921,212322,-,454608,-,-,138974,193765,532751
098年09月,,2440872,-,709012,155398,191511,201951,-,428101,-,-,123152,179087,452660,2440872,-,729833,155389,175298,200413,-,426412,-,-,123562,181353,448612
098年10月,,2839086,-,826448,182661,212423,231033,-,507973,-,-,149364,211015,518169,2839086,-,833884,181597,202884,225857,-,506010,-,-,151725,214465,522664
098年11月,,2814651,-,810689,178348,219068,227377,-,500936,-,-,145491,212080,520662,2814651,-,840143,178549,199889,225411,-,494758,-,-,144129,212538,519234
098年12月,,2978076,-,875023,185580,233989,246016,-,529602,-,-,151435,217837,538594,2978076,-,898116,183642,211155,237771,-,522797,-,-,152149,221387,551059
099年,,36939596,-,10695969,2436540,3024317,3174175,-,6551948,-,-,1885941,2647425,6523281,36939596,-,10833175,2566257,2834538,3127410,-,6487397,-,-,1892913,2673312,6524594
099年01月,,2870737,-,837597,184671,219220,234071,-,507401,-,-,145056,211482,531239,2870737,-,846476,185164,214726,234622,-,505147,-,-,145377,212943,526282
099年02月,,3047303,-,856473,210011,239541,222992,-,504405,-,-,186472,224069,603340,3047303,-,874562,212823,225767,219249,-,499482,-,-,186269,226027,603124
099年03月,,2938307,-,865193,182421,233284,247349,-,537172,-,-,148220,208957,515711,2938307,-,880035,184531,216426,244017,-,534332,-,-,147091,211763,520112
099年04月,,3090380,-,895469,208637,244459,252936,-,538985,-,-,169504,224926,555464,3090380,-,894041,220141,228974,248100,-,540946,-,-,171749,229325,557104
099年05月,,3212410,-,937250,236170,251171,264999,-,563287,-,-,166382,231190,561961,3212410,-,938826,264237,236409,261347,-,558780,-,-,164355,230984,557472
099年06月,,2983161,-,858872,194810,247812,256351,-,534190,-,-,150838,214154,526134,2983161,-,872380,203551,231090,255090,-,528413,-,-,151061,215213,526363
099年07月,,3160655,-,909089,213768,266363,276900,-,554839,-,-,155801,224985,558910,3160655,-,906118,218786,256867,270614,-,552853,-,-,160004,229075,566338
099年08月,,3188488,-,909453,206939,266619,283844,-,562880,-,-,160571,223641,574541,3188488,-,931090,222522,254088,280671,-,555325,-,-,158747,225350,560695
099年09月,,2865777,-,820902,187002,246607,260777,-,513383,-,-,139833,204023,493250,2865777,-,839423,198657,228804,258284,-,507774,-,-,140973,205335,486527
099年10月,,3114371,-,896213,202571,262533,283126,-,565871,-,-,153271,222071,528715,3114371,-,906585,213819,248417,279151,-,557613,-,-,153346,223574,531866
099年11月,,3114886,-,914325,199093,265352,281543,-,559209,-,-,151809,220955,522600,3114886,-,924486,213664,241263,279329,-,554005,-,-,153746,224863,523530
099年12月,,3353121,-,995133,210447,281356,309287,-,610326,-,-,158184,236972,551416,3353121,-,1019153,228362,251707,296936,-,592727,-,-,160195,238860,565181
100年,,41629303,-,12250591,2765436,3483660,3727351,-,7488066,-,-,2048231,2878213,6987755,41629303,-,12012076,3149146,3320390,3736462,-,7423118,-,-,2051966,2937442,6998703
100年01月,,3154725,-,963148,208463,263425,280194,-,545436,-,-,141535,220893,531631,3154725,-,905604,212428,241843,279405,-,562736,-,-,156357,236229,560123
100年02月,,3439685,-,974717,239941,261142,271654,-,589384,-,-,207056,245201,650590,3439685,-,999095,261437,262039,268034,-,578514,-,-,197424,244631,628511
100年03月,,3258311,-,988899,208435,264357,291530,-,591824,-,-,154134,227893,531239,3258311,-,976978,232376,247988,289749,-,586879,-,-,156185,232645,535511
100年04月,,3476554,-,1029505,231907,283152,308046,-,615215,-,-,187955,238846,581928,3476554,-,1009509,251591,269325,306599,-,616977,-,-,189621,246303,586629
100年05月,,3318438,-,953951,219139,276125,301149,-,607821,-,-,167422,234921,557910,3318438,-,961389,250265,268334,304351,-,592305,-,-,163285,235248,543261
100年06月,,3380395,-,988571,223453,285274,304768,-,606443,-,-,164558,237009,570319,3380395,-,968525,257215,274985,304646,-,598546,-,-,163938,240098,572442
100年07月,,3691078,-,1074902,245363,315289,334465,-,659702,-,-,179493,251407,630457,3691078,-,1051753,278391,305813,336123,-,652977,-,-,180549,256158,629314
100年08月,,3500945,-,1026287,229131,300906,318114,-,633802,-,-,164604,237490,590611,3500945,-,1008738,267813,287944,321422,-,624489,-,-,164500,241182,584857
100年09月,,3474884,-,1016296,233316,296462,318525,-,633019,-,-,167509,237178,572579,3474884,-,990436,268622,281564,321135,-,626842,-,-,168362,242882,575041
100年10月,,3702168,-,1078353,248633,318514,330524,-,680415,-,-,178495,253252,613982,3702168,-,1055576,288171,307479,335285,-,671163,-,-,176969,257645,609880
100年11月,,3540421,-,1046961,234417,304298,324014,-,648927,-,-,166453,243031,572320,3540421,-,1016189,283575,284420,327030,-,643065,-,-,165211,247663,573268
100年12月,,3691699,-,1109001,243238,314716,344368,-,676078,-,-,169017,251092,584189,3691699,-,1068284,297262,288656,342683,-,668625,-,-,169565,256758,599866
101年,,44525754,-,12613732,2910438,3965712,4179441,-,8213044,-,-,2181612,3051072,7410703,44525754,-,12677151,2945037,3796604,4239155,-,8135674,-,-,2185910,3107040,7439183
101年01月,,3940570,-,1110899,279418,327330,322668,-,688281,-,-,228522,276547,706905,3940570,-,1089500,295136,323199,327680,-,687659,-,-,232230,280422,704744
101年02月,,3401837,-,960550,220626,291595,317487,-,633968,-,-,160348,234801,582462,3401837,-,977745,226142,283266,319486,-,620423,-,-,156772,238025,579978
101年03月,,3612732,-,1046203,237633,318019,343455,-,667768,-,-,177279,246312,576063,3612732,-,1036041,233891,295061,342213,-,673865,-,-,184666,253881,593114
101年04月,,3569495,-,993456,230333,318471,334559,-,667598,-,-,188243,244697,592138,3569495,-,1022830,238649,305525,340855,-,648921,-,-,180994,247240,584481
101年05月,,3577726,-,1008277,231455,316196,342042,-,664920,-,-,174085,247298,593453,3577726,-,1024218,235562,304778,347693,-,657404,-,-,172112,251191,584768
101年06月,,3482425,-,996786,225334,315375,341271,-,636733,-,-,163322,236659,566945,3482425,-,993796,223731,303250,345558,-,635799,-,-,167396,242987,569908
101年07月,,3902874,-,1091466,252324,351383,362314,-,716227,-,-,190333,268121,670706,3902874,-,1107427,258608,341225,371773,-,705241,-,-,186678,270109,661813
101年08月,,3730155,-,1058689,243051,341070,356819,-,680274,-,-,176850,249260,624142,3730155,-,1057507,244478,327185,359963,-,680295,-,-,180509,253588,626630
101年09月,,3696134,-,1046297,238448,335004,353040,-,688061,-,-,175567,251747,607970,3696134,-,1043177,238828,312808,360851,-,689504,-,-,176936,259208,614822
101年10月,,3826495,-,1073743,245853,343886,365281,-,720954,-,-,182824,261188,632766,3826495,-,1104154,251620,340238,373333,-,700123,-,-,177044,260387,619596
101年11月,,3762009,-,1071526,241468,344009,359685,-,704918,-,-,177379,259526,603498,3762009,-,1077098,241970,322754,365690,-,700285,-,-,178412,265605,610195
101年12月,,4023302,-,1155840,264495,363374,380820,-,743342,-,-,186860,274916,653655,4023302,-,1143658,256422,337315,384060,-,736155,-,-,192161,284397,689134
102年,,47486859,-,13281525,3093527,4376039,4535611,-,8817710,-,-,2311974,3256954,7813519,47486859,-,13385008,3118735,4249967,4613970,-,8727074,-,-,2297403,3298527,7796175
102年01月,,3647415,-,1033580,233355,322834,351747,-,672704,-,-,169596,253704,609895,3647415,-,1056132,240694,322690,366539,-,667716,-,-,163849,251678,578117
102年02月,,3956747,-,1070195,278116,361331,382703,-,687412,-,-,228204,269483,679303,3956747,-,1075441,283638,359019,381690,-,674004,-,-,225930,273833,683192
102年03月,,4245483,-,1181214,273673,404370,475961,-,779764,-,-,202530,277646,650325,4245483,-,1190556,279793,387540,470799,-,778574,-,-,202377,280377,655467
102年04月,,3913418,-,1096156,257583,361274,359437,-,720950,-,-,206630,269613,641775,3913418,-,1095468,259420,348307,368029,-,716725,-,-,205072,276944,643453
102年05月,,3904892,-,1098337,252811,354083,371314,-,739608,-,-,189237,270579,628923,3904892,-,1099319,254083,345241,375129,-,735068,-,-,188970,274743,632339
102年06月,,3890726,-,1092694,253056,354650,363113,-,728205,-,-,186504,268442,644062,3890726,-,1100044,253459,353280,371875,-,717841,-,-,184810,268593,640824
102年07月,,4052344,-,1126547,264417,377295,378908,-,744623,-,-,194427,279391,686736,4052344,-,1136202,265425,370892,385713,-,736216,-,-,193991,283127,680778
102年08月,,4136920,-,1164060,266018,375145,385852,-,764720,-,-,193463,280715,706947,4136920,-,1167534,267205,366606,394405,-,761950,-,-,195061,283882,700277
102年09月,,3975780,-,1100267,259981,366354,361838,-,744284,-,-,195431,272282,675343,3975780,-,1112147,261753,352133,373263,-,735973,-,-,193701,277122,669688
102年10月,,3886353,-,1081148,246776,364006,367035,-,734550,-,-,180549,265431,646858,3886353,-,1094428,249260,351313,374787,-,725115,-,-,178502,269034,643914
102年11月,,3861841,-,1097149,249841,365293,362926,-,732462,-,-,177891,270145,606134,3861841,-,1094721,246284,346484,369919,-,728607,-,-,181836,276983,617007
102年12月,,4014940,-,1140178,257900,369404,374777,-,768428,-,-,187512,279523,637218,4014940,-,1163016,257721,346462,381822,-,749285,-,-,183304,282211,651119
103年,,48024758,-,13565971,3144451,4425252,4412627,-,9041009,-,-,2346521,3302397,7786530,48024758,-,13589225,3136364,4311480,4526784,-,8951044,-,-,2341689,3358420,7809752
103年01月,,3799436,-,1151134,271808,355730,351470,-,670822,-,-,160210,249350,588912,3799436,-,1005858,229455,330500,353900,-,713565,-,-,217815,280514,667829
103年02月,,3832719,-,1011670,240589,331638,330898,-,733359,-,-,231858,272787,679920,3832719,-,1131693,279433,346552,342106,-,684500,-,-,181146,255777,611512
103年03月,,4001023,-,1139429,251902,360451,369692,-,765495,-,-,199884,281638,632532,4001023,-,1163177,260863,349494,384550,-,750238,-,-,192563,278887,621251
103年04月,,3984512,-,1116071,268057,369870,362034,-,745574,-,-,209656,272969,640281,3984512,-,1114250,268380,357621,369016,-,740245,-,-,208561,280765,645674
103年05月,,4029882,-,1147981,268309,375364,370753,-,754004,-,-,191553,272780,649138,4029882,-,1110420,257829,361218,375913,-,760608,-,-,204282,285821,673791
103年06月,,3915932,-,1077859,247431,362589,354875,-,743994,-,-,193556,273485,662143,3915932,-,1126663,259463,361968,372379,-,716948,-,-,178589,267984,631938
103年07月,,4078266,-,1148055,266550,383657,375441,-,755222,-,-,193681,276513,679147,4078266,-,1147243,264282,377320,385536,-,750681,-,-,193333,282100,677771
103年08月,,4139391,-,1171890,266172,381210,385697,-,781776,-,-,195168,278398,679080,4139391,-,1184486,266136,375023,397373,-,773199,-,-,193549,280725,668900
103年09月,,3949938,-,1117138,261163,370834,365862,-,741881,-,-,190672,271083,631305,3949938,-,1119165,259903,359965,377086,-,735967,-,-,189729,275626,632497
103年10月,,4155844,-,1174644,266751,384894,382044,-,788785,-,-,196724,286881,675121,4155844,-,1174097,265478,377425,391368,-,784143,-,-,196905,290901,675527
103年11月,,4018332,-,1132083,260776,368832,374164,-,776443,-,-,194587,279847,631600,4018332,-,1138345,258151,353567,385239,-,766414,-,-,195355,284201,637060
103年12月,,4119483,-,1178017,274943,380183,389697,-,783654,-,-,188972,286666,637351,4119483,-,1173828,266991,360827,392318,-,774536,-,-,189862,295119,666002
104年,,50561878,-,14202358,3349739,4624459,4592889,94069,9483663,88066,139300,2437594,3457119,8092622,50561878,-,14242907,3351299,4545553,4722713,93874,9396024,90477,141362,2420149,3487578,8069942
104年01月,,3955998,-,1117774,261331,347997,364629,-,744214,-,-,186677,280832,652544,3955998,-,1124180,263712,357212,379654,-,739867,-,-,184446,277370,629557
104年02月,,4140433,-,1154031,287412,366855,341142,-,752484,-,-,238955,287372,712182,4140433,-,1152420,290959,350037,346651,-,747682,-,-,238578,294293,719813
104年03月,,4193956,-,1188431,269746,381019,392242,-,820286,-,-,202867,295369,643996,4193956,-,1200306,272069,377614,404583,-,803793,-,-,198595,293897,643099
104年04月,,4175062,-,1178900,276342,382801,377849,-,783355,-,-,218269,294891,662655,4175062,-,1175630,276299,370773,385104,-,778287,-,-,216748,302203,670018
104年05月,,4213646,-,1176721,277236,382266,384653,-,803786,-,-,211147,297211,680626,4213646,-,1183797,279611,379104,398529,-,793717,-,-,207494,297699,673695
104年06月,,4087705,-,1148456,270765,376807,377848,-,766919,-,-,198559,289126,659225,4087705,-,1148764,270720,374581,388814,-,760146,-,-,196912,290996,656772
104年07月,,4211651,-,1192323,276415,387070,392979,-,794008,-,-,196739,292736,679381,4211651,-,1182381,273484,387165,400760,-,789149,-,-,199616,297763,681333
104年08月,,4194775,-,1179902,273269,385645,382815,-,795357,-,-,198811,288047,690929,4194775,-,1194134,276616,380666,398242,-,787028,-,-,195322,287406,675361
104年09月,,4047485,-,1135538,266514,376464,374690,-,771508,-,-,196205,264091,662475,4047485,-,1136690,265286,364104,386595,-,770960,-,-,194918,267493,661439
104年10月,,4241370,-,1197320,279761,397005,397691,-,815306,-,-,198839,274888,680560,4241370,-,1196149,278353,394102,405580,-,811846,-,-,199002,278983,677355
104年11月,,4170979,-,1173268,273620,387287,387873,-,814119,-,-,197420,283433,653959,4170979,-,1190360,275295,377826,403743,-,794664,-,-,192126,285336,651629
104年12月,,4928818,-,1359694,337328,453243,418478,94069,822321,88066,139300,193106,309123,714090,4928818,-,1358096,328895,432369,424458,93874,818885,90477,141362,196392,314139,729871
105年,,56586210,826048,14942288,3773145,5465067,4879623,608024,9861980,522011,1014732,2482703,3673955,8536634,56586210,773704,14949410,3779080,5405128,5048757,619696,9784669,540722,1020548,2469191,3687547,8507758
105年01月,,4604235,-,1293382,301752,431776,389842,52823,786163,47015,87244,196435,304733,713070,4604235,-,1283222,304502,434453,410785,54260,779817,49675,89219,194548,301428,702326
105年02月,,4841423,-,1284188,356921,561404,390556,56235,781758,53910,97678,234131,288017,736625,4841423,-,1298546,369601,552195,399454,56653,780734,52520,95821,226840,289361,719698
105年03月,,4611193,-,1287535,317538,503644,412425,46715,792324,37635,72073,193655,290146,657503,4611193,-,1283401,318263,492075,426728,47681,783746,40212,73387,195012,290272,660416
105年04月,,4654341,-,1292814,314319,429241,394003,48286,813665,45227,87219,222250,303290,704027,4654341,-,1272263,310843,420585,406186,50326,812295,48017,89709,224344,309985,709788
105年05月,,4618120,-,1265952,300617,422598,399515,49801,827691,42786,82715,207401,308524,710520,4618120,-,1288292,307284,421550,418620,49193,812044,42816,80186,198703,303984,695448
105年06月,,4563193,-,1266635,296667,423743,391306,45321,795964,39871,79482,200378,305436,718390,4563193,-,1252594,297127,425610,405476,46943,788955,42239,80837,200451,305470,717491
105年07月,,4737535,119927,1214996,309437,440988,408832,47970,829059,41035,81690,207682,306525,729394,4737535,116082,1209255,309178,439919,421824,48927,824217,42889,82893,207668,307675,727008
105年08月,,4762706,131889,1211900,304121,441490,420532,48845,836368,41167,82710,201368,308294,734022,4762706,129078,1222014,306877,436582,434466,50109,828232,42309,82360,198875,307708,724096
105年09月,,4420684,136123,1102873,288809,422707,381733,46707,771282,41325,80193,193232,290229,665471,4420684,123353,1102605,287816,414937,394957,47638,770220,42838,81011,192931,294593,667785
105年10月,,4923512,144465,1226585,319318,460147,422272,54572,878642,44938,91595,216486,321252,743240,4923512,134204,1239238,322119,459369,438674,54960,863681,45538,91141,213227,321308,740053
105年11月,,4684505,137415,1176944,301758,440623,413260,52477,839180,40961,82096,196318,310634,692839,4684505,129649,1187261,301011,433873,427272,52826,830159,41848,81771,195807,310903,692125
105年12月,,5164763,156229,1318484,361888,486706,455347,58272,909884,46141,90037,213367,336875,731533,5164763,141338,1310719,344459,473980,464315,60180,910569,49821,92213,220785,344860,751524
106年,,60571057,2084850,14628684,3939915,5995895,5288767,738561,10542063,630601,1256931,2654793,3951654,8858343,60571057,1898237,14812358,3941863,5907698,5473525,745981,10429504,640084,1252261,2640417,3965295,8863834
106年01月,,5175232,177147,1297560,364208,483511,420192,62110,868111,56335,106649,239972,330960,768477,5175232,145550,1231526,349125,479814,429126,64564,878365,61494,115198,261618,347126,811726
106年02月,,4792273,141632,1094464,291300,445073,388698,59514,829275,76652,182452,232763,317741,732709,4792273,140657,1189289,321626,461641,410237,57867,791349,71226,166504,204622,301572,675683
106年03月,,4949836,167962,1225215,316522,476995,438740,56863,876576,46958,90728,211523,319367,722387,4949836,152384,1211425,312239,456367,448235,58084,879076,50459,94395,219325,326181,741666
106年04月,,5095172,173857,1222329,331723,525758,431167,61311,886204,56097,104225,241654,329040,731807,5095172,160513,1252548,336365,518716,448802,61526,872158,55010,101944,233117,330460,724013
106年05月,,5142697,172660,1226969,334280,501311,442079,65602,899835,54609,103666,234771,341386,765529,5142697,155200,1259265,341275,496075,464864,64691,881581,54088,101282,229660,337249,757467
106年06月,,4566730,156859,1123214,288376,461100,415216,52479,803269,40349,81914,186406,299528,658020,4566730,146230,1123876,285027,454700,426835,53629,799229,42548,82823,188207,301175,662451
106年07月,,4978951,165017,1206617,320162,495803,439951,59830,869260,47538,95082,216607,323915,739169,4978951,152998,1222700,320796,491807,462299,60165,857815,47934,95150,212496,322169,732622
106年08月,,5223860,178120,1270025,334447,515583,467283,62182,904898,49065,97285,220697,334838,789437,5223860,163543,1285504,336050,507454,481883,62923,896140,50105,97822,218521,336436,787479
106年09月,,4653364,174787,1123055,293993,467596,433135,56253,818769,43162,85651,191157,302322,663484,4653364,164251,1133599,292178,458170,444292,56868,814043,44047,86831,191644,302336,665105
106年10月,,5373773,197642,1267629,345253,532534,459083,68147,938576,57168,109796,240438,356334,801173,5373773,175026,1296262,347619,525040,480953,68940,923228,56590,109479,236558,356509,797569
106年11月,,5006047,174601,1211018,316706,497990,453092,63107,880352,48681,93719,209228,337184,720369,5006047,161308,1236928,316477,482712,466716,63311,870475,49211,93589,207872,335950,721498
106年12月,,5613122,204566,1360589,402945,592641,500131,71163,966938,53987,105764,229577,359039,765782,5613122,180577,1369436,383086,575202,509283,73413,966045,57372,107244,236777,368132,786555
107年,,63963199,2491246,15086045,4167483,6482997,5736358,844654,11112909,672984,1285223,2815009,4152206,9116085,63963199,2223788,15316916,4152798,6418279,5942224,856950,11001709,680274,1286448,2797840,4168617,9117356
107年01月,,4958457,183490,1196613,319080,504785,448746,62689,861471,49007,92694,205787,323595,710500,4958457,173755,1217563,324262,513291,473130,62384,847274,47794,91457,198617,317500,691430
107年02月,,5154270,202256,1179059,346808,508584,413246,68916,852740,65184,116821,278192,335724,786740,5154270,169006,1215182,354571,494502,425240,69002,842282,65027,116368,275793,339905,787392
107年03月,,5308893,195339,1280405,337753,532752,478463,69392,931982,53765,101779,264009,341159,722095,5308893,178750,1287580,335350,527057,489303,70148,925148,55533,102371,261894,343013,732746
107年04月,,5475892,215695,1272054,358396,550300,464976,72313,956172,62710,118079,254506,357107,793584,5475892,187330,1303585,363053,543891,485094,73001,940867,62355,116345,250509,360128,789734
107年05月,,5212836,194210,1236965,334499,528376,476373,69796,916654,53615,106695,227824,338773,729056,5212836,175440,1260817,335369,524252,495285,70339,904421,53812,106214,225170,337795,723922
107年06月,,5185704,202458,1229273,335005,524568,473903,67616,904011,53535,103614,220889,336673,734159,5185704,177290,1234155,332443,523518,488124,69534,898340,55709,104975,222943,338620,740053
107年07月,,5289840,200942,1257107,339850,537116,483450,68854,921414,53752,104012,225299,338964,759080,5289840,185525,1276207,339866,537570,506874,68985,905253,53765,103303,222809,336827,752856
107年08月,,5419952,221470,1286767,343837,547833,505080,69543,939751,54948,107455,227930,345483,769855,5419952,203018,1299588,344063,543528,519584,71160,933984,57160,108597,228444,346460,764366
107年09月,,5251154,215112,1223312,337817,533761,477698,70972,912913,56957,107627,227408,339818,747759,5251154,189707,1245658,336748,523970,499372,71502,905381,56322,107409,224092,342458,748535
107年10月,,5311974,201584,1254680,338626,542107,492271,69697,933088,54260,106580,222264,341363,755454,5311974,185994,1279380,337120,539371,508881,70425,918632,54068,106502,219299,341909,750393
107年11月,,5517382,225663,1289491,354645,560723,498894,73828,960019,55751,107333,227966,381900,781169,5517382,197309,1310636,350414,546864,512413,76604,954543,57024,108668,229759,386240,786908
107年12月,,5876845,233027,1380319,421167,612092,523258,81038,1022694,59500,112534,232935,371647,826634,5876845,200664,1386565,399539,600465,538924,83866,1025584,61705,114239,238511,377762,849021
108年,,67411248,2830711,15631148,4398566,7122801,6089078,943284,11604259,717831,1387115,2852716,4335430,9498309,67411248,2511446,15961691,4390054,7082084,6276296,955847,11492823,724102,1391044,2828951,4337986,9458924
108年01月,,5326693,207812,1272576,334363,546105,491050,69594,930986,51321,97995,206033,347964,770894,5326693,191459,1286996,336270,540714,511428,71057,920395,51279,99370,206136,346322,765267
108年02月,,5425372,233188,1215995,368431,535570,438344,79971,906169,68423,129900,264500,350984,833897,5425372,186713,1247617,368197,536052,440304,81495,896694,70190,130584,266437,358138,842951
108年03月,,5648453,231415,1317071,356761,561806,499829,79871,1005821,61814,114942,243926,368928,806269,5648453,221872,1361206,364551,560148,524723,79639,985570,59898,112972,233190,359119,785565
108年04月,,5678567,241528,1304180,367986,583624,494391,80159,980989,66986,124306,259678,367041,807699,5678567,207329,1334420,371716,575674,510462,82225,970505,66805,125838,256840,371553,805200
108年05月,,5475139,223747,1284078,350847,580771,505010,76737,946101,55720,110257,226474,349037,766360,5475139,198895,1306221,350620,580643,517320,78192,938757,56774,111266,224592,349462,762397
108年06月,,5610936,234862,1301803,363975,604796,502411,77408,957819,59462,114945,236836,362762,793857,5610936,207161,1321306,362710,605251,521620,78125,948986,60471,115070,235853,361496,792887
108年07月,,5621665,228976,1317547,364036,609569,518612,76112,957896,56270,112079,235946,354161,790461,5621665,208063,1336586,362748,606249,533543,77330,951014,57407,112843,234114,355426,786342
108年08月,,5559008,238807,1302826,354244,596654,514854,75803,951779,55798,110178,227475,348794,781796,5559008,212832,1319162,351426,591506,529654,77832,949188,58582,112531,230193,350769,775333
108年09月,,5505456,239750,1248975,356553,583156,504618,78876,954094,60990,117895,235698,354861,769990,5505456,210417,1284942,358677,577920,522925,79213,943903,60165,116778,231410,355260,763846
108年10月,,5801186,252614,1335754,374027,628758,531228,81906,993654,61477,122114,242973,375501,801180,5801186,219083,1369295,374637,629339,547588,82401,980278,61997,122079,240643,374542,799304
108年11月,,5683553,241128,1328234,376838,608934,530249,80661,981439,58275,113265,230303,367410,766817,5683553,214950,1342850,368741,598278,543279,83055,979091,60272,115133,232642,370468,774794
108年12月,,6075220,256884,1402109,430505,683058,558482,86186,1037512,61295,119239,242874,387987,809089,6075220,232672,1451090,419761,680310,573450,85283,1028442,60262,116580,236901,385431,805038
109年,,57238942,2632404,13177595,4303559,5741854,5413451,846256,9496055,622960,1209954,2417147,3652977,7724730,57238942,2353641,13279379,4304217,5845729,5568740,860468,9427100,632998,1212971,2404317,3634920,7714462
109年01月,,6230650,306295,1393688,429714,655770,514035,90340,1017382,76181,144867,289640,405928,906810,6230650,243685,1407544,434097,658083,527181,93507,1016297,80351,147806,298260,410193,913646
109年02月,,3968432,173724,901831,289492,440818,384981,59814,658661,40874,78249,159321,254299,526368,3968432,153376,907417,284810,430177,396680,62576,660251,42783,80504,162190,259007,528661
109年03月,,3529935,152884,793822,268834,353557,355109,54022,593903,40371,77182,150905,225258,464088,3529935,145872,818655,274700,367071,373415,52838,574851,38152,73151,140630,216804,453796
109年04月,,2947586,129347,662099,233112,290153,288497,46087,479949,35606,68326,129533,187678,397199,2947586,117499,664012,232153,295244,296819,46875,481476,36185,69678,129187,186659,391799
109年05月,,3670631,156395,829406,282802,352205,363491,58341,625818,45275,86018,159171,230635,481074,3670631,147504,845031,286005,360402,372876,58786,616615,44117,84331,154143,226039,474782
109年06月,,4431804,193954,1021476,331943,403422,417862,64146,735665,49170,96398,200779,288342,628647,4431804,178592,1031534,335441,409379,425156,64749,728028,49869,96869,198987,287940,625260
109年07月,,4975726,226734,1179047,369082,464669,485467,71628,828599,49662,101204,204131,320879,674624,4975726,209864,1170955,364592,474210,497996,73217,825105,51798,102481,204711,318934,681863
109年08月,,5489625,251849,1282181,405383,550957,513790,78802,907378,57276,111122,228870,345979,756038,5489625,232718,1294998,410127,569560,533761,79476,892047,57089,110699,224604,338791,745755
109年09月,,5011876,243089,1199188,370228,521047,493091,70655,824857,47393,95539,193082,309539,644168,5011876,209479,1165365,361861,527966,501002,73271,834155,51845,100043,203583,317165,666141
109年10月,,5723958,270845,1289419,429450,580157,530449,86608,946321,65980,125105,251913,370663,777048,5723958,242763,1338203,440062,598383,548741,86761,927123,64034,121777,239323,361591,755197
109年11月,,5472335,250177,1271272,417932,554315,516527,81325,921573,57504,110705,222600,348196,720209,5472335,230899,1291441,418539,566151,535696,81941,911206,55985,109157,217138,341174,713008
109年12月,,5786384,277111,1354166,475587,574784,550152,84488,955949,57668,115239,227202,365581,748457,5786384,241390,1344224,461830,589103,559417,86471,959946,60790,116475,231561,370623,764554
110年,,43459558,1979293,9736870,3310119,4173624,4112693,664903,7299665,507247,962525,1850614,2863467,5998538,43459558,1840305,9854099,3310038,4244468,4158894,671030,7238159,510783,963834,1836097,2843727,5988124
110年01月,,4660193,209689,1091758,356555,449795,457894,70290,774517,50991,95113,186184,302136,615271,4660193,193692,1094680,357454,471385,479311,71164,764821,50919,95000,183425,295418,602924
110年02月,,4455946,200369,1014514,358278,376667,393082,69338,710362,56615,109286,217561,294427,655447,4455946,180050,1015490,354645,380058,391859,71719,713290,59254,111678,220256,299144,658503
110年03月,,5160243,231076,1200636,386655,488476,511930,80456,876075,57743,106362,215140,332976,672718,5160243,215530,1218260,391411,501595,523612,78602,858385,55632,105672,208996,328594,673954
110年04月,,5514868,266661,1258109,419502,525594,522648,83996,921710,63820,125019,238601,351012,738196,5514868,227932,1262972,413514,537070,531921,86211,919706,66848,127011,243721,353150,744812
110年05月,,2696576,123010,589021,201493,248915,253208,43621,459129,33524,61950,122191,178014,382500,2696576,114807,592123,204793,260170,268234,44031,454425,32666,61383,115976,174067,373901
110年06月,,539630,21808,106192,39021,64299,53809,9214,86812,6934,12478,22283,34332,82448,539630,22265,109772,39079,69155,53490,9057,85793,6802,12174,21468,32490,78085
110年07月,,1137242,49905,232403,91138,122151,106106,18580,186577,15365,27725,49894,72371,165027,1137242,47494,231873,88254,123924,103489,19135,189469,15899,28207,50623,72743,166132
110年08月,,2225096,94165,447721,164097,223576,206426,35473,381340,29615,55337,98511,153021,335814,2225096,97770,490060,174189,223253,202545,33733,365665,27041,52547,91059,145970,321264
110年09月,,2960416,131748,638228,217989,283195,277471,44960,498304,36883,69937,130803,203163,427735,2960416,128447,656414,219774,284699,274772,44885,492274,36399,68728,127302,200953,425769
110年10月,,4032592,168950,882621,302480,396274,374908,61096,695740,47577,92346,171454,271457,567689,4032592,163745,898517,304807,395546,370534,61352,690763,48059,92517,170412,270418,565922
110年11月,,4537412,202752,1014909,331522,442093,426780,68255,784188,50624,96244,185953,307568,626524,4537412,196228,1035978,340436,441400,422793,68428,775357,50233,96220,183697,304859,621783
110年12月,,5539344,279160,1260758,441389,552589,528431,79624,924911,57556,110728,212039,362990,729169,5539344,252345,1247960,421682,556213,536334,82713,928211,61031,112697,219162,365921,755075
111年,,54162008,2479139,12045164,4176346,5429903,5063609,796138,9027370,606358,1159129,2233090,3714991,7430771,54162008,2294245,12105044,4133363,5601862,5208595,809455,8965907,610850,1160579,2213780,3663528,7394800
111年01月,,4148796,199319,994937,346066,374255,390804,59605,687079,42490,82340,155633,266983,549285,4148796,165570,886369,303573,370196,395780,65514,714200,53314,102740,192826,288483,610231
111年02月,,3973070,173232,802282,293149,336460,337706,65755,683942,57916,106931,206946,291768,616983,3973070,183736,934101,339859,368216,356622,60202,639317,45935,85605,161160,259848,538469
111年03月,,4837482,216974,1104665,366704,456119,468152,70982,816608,53458,102813,198753,337972,644282,4837482,205441,1104613,363333,468960,478117,71779,809083,54209,102908,199394,333945,645700
111年04月,,3976458,189904,881452,310603,378798,362470,59057,649749,47333,90217,176272,279599,551004,3976458,164875,870767,302913,396864,376809,61342,650337,48902,92111,176623,281501,553414
111年05月,,2643078,110668,565444,201995,275123,255666,40945,439786,31183,60401,111320,182506,368041,2643078,107299,568725,198964,296599,274817,41207,430068,30202,58318,104383,174550,357946
111年06月,,3133528,141938,695037,247896,334467,306633,45294,505252,33833,66205,125284,211652,420037,3133528,135054,695158,243806,352436,316026,45768,499915,34093,65600,124239,206740,414693
111年07月,,4431576,196854,995101,345368,458628,423579,63837,724195,47126,90019,179594,303855,603420,4431576,186477,995360,340250,477338,435717,64574,718208,47968,90686,177131,297829,600038
111年08月,,4970649,226062,1119292,374433,505661,468350,70000,822490,52660,100774,200144,341529,689254,4970649,215539,1131697,375438,530365,479216,71385,809491,52615,100209,195789,332759,676146
111年09月,,4947082,239684,1089434,373790,484598,465624,71934,823539,56453,106783,201523,342990,690730,4947082,219319,1095097,371749,507615,473615,73293,817725,57187,107698,199119,338653,686012
111年10月,,5383137,244809,1183836,403569,546628,492227,79014,908612,59869,114707,225804,371199,752863,5383137,224595,1198862,403110,560320,511543,80040,901498,58950,114243,222274,364101,743601
111年11月,,5502680,252527,1215750,417892,585561,518283,81333,925928,61028,117492,218861,370713,737312,5502680,234267,1229546,414771,582380,531532,82734,924067,61113,117717,218990,366918,738645
111年12月,,6214472,287168,1397934,494881,693605,574115,88382,1040190,63009,120447,232956,414225,807560,6214472,252073,1394749,475597,690573,578801,91617,1051998,66362,122744,241852,418201,829905
112年,,73086668,3460282,15692630,5332599,8410633,6725660,1088709,12411022,828686,1563098,2969030,4810653,9793666,73086668,3082843,15974086,5354658,8312170,6915567,1105827,12402997,838557,1568362,2954955,4772799,9803847
112年01月,,6089874,279201,1271570,467038,673177,499700,93063,992068,79943,144326,276297,425754,887737,6089874,250262,1310347,484888,684488,515207,93279,970431,78837,141172,269955,420164,870844
112年02月,,5497363,248860,1211519,397802,614683,509551,84983,925315,61845,115545,219099,371953,736208,5497363,222152,1228752,400847,610517,522262,85900,924474,61943,116405,216545,370026,737540
112年03月,,5986367,291999,1334070,434546,657083,556803,85674,1026485,63862,121650,235418,384325,794452,5986367,259380,1314912,426785,647702,564709,87457,1030600,67872,125819,243187,388491,829453
112年04月,,6213664,290241,1308866,455579,690454,546826,92880,1056954,77897,141643,267542,411779,873003,6213664,257928,1356913,465578,680588,568128,94784,1057780,76756,138930,258394,403235,854650
112年05月,,5925155,267249,1271650,426318,674943,553384,89276,1028601,66714,126658,247120,391640,781602,5925155,249572,1313589,436343,669290,570705,89517,1013631,65349,124912,239119,382405,770723
112年06月,,5879128,279473,1261780,429541,689683,541078,86201,989223,65634,124080,238627,388306,785502,5879128,247802,1266255,427743,692108,556603,88134,990954,68677,126262,240928,384306,789356
112年07月,,6032903,273391,1312018,434417,714460,565588,87261,1031029,66014,125427,240236,386897,796165,6032903,250691,1328504,434700,709798,584393,89024,1024584,66483,125868,238574,382606,797678
112年08月,,6222351,288654,1346336,445646,735794,581368,90770,1054155,67477,129974,250014,406911,825252,6222351,261968,1364607,448171,729109,599688,92389,1057039,68767,130786,248721,400821,820285
112年09月,,5826261,300049,1267576,425620,691863,570146,87171,987387,60428,120817,215555,365604,734045,5826261,253059,1232471,407612,674358,579728,93175,1010876,68742,131123,236085,376149,762883
112年10月,,6428106,302960,1323935,451891,752308,580072,99231,1102374,79033,147132,274631,430532,884007,6428106,275939,1414290,473637,750401,610679,96120,1081174,71283,137735,250978,414052,851818
112年11月,,6274964,306105,1340666,448334,731180,589489,92732,1073999,67459,127662,245040,411619,840679,6274964,272898,1375515,448173,713133,603414,93709,1077220,68265,128312,245745,408122,840458
112年12月,,6710532,332100,1442644,515867,785005,631655,99467,1143432,72380,138184,259451,435333,855014,6710532,281192,1467931,500181,750678,640051,102339,1164234,75583,141038,266724,442422,878159
113年,,78250483,3908500,16394564,5440448,9234811,7290363,1181343,13237966,893055,1702393,3193308,5307676,10466056,78250483,3408996,16959847,5505266,9017109,7449922,1199067,13237450,898885,1710408,3166525,5264372,10432636
113年01月,,6301769,301538,1328378,445216,730498,589093,92390,1084707,70954,130623,246230,428539,853603,6301769,267471,1386171,457838,733762,612165,92865,1068832,70424,129537,239602,414959,828143
113年02月,,6380919,311775,1270622,464839,732491,536795,99798,1024273,85743,154159,295571,465407,939446,6380919,257642,1318328,478111,712420,546641,101456,1025370,85038,154988,293341,463841,943743
113年03月,,6796713,331037,1417898,475582,769481,614496,102378,1159022,78039,147897,284107,502292,914484,6796713,291136,1445477,477465,745420,626735,105187,1159011,79480,150929,283926,494517,937430
113年04月,,6405938,325273,1323483,449411,743834,582089,96105,1083724,76964,147727,276006,420170,881152,6405938,277743,1384125,461060,723656,597310,98071,1087289,76948,146760,272920,417802,862254
113年05月,,6388798,313326,1351945,441461,753703,612141,96859,1100770,69781,136459,255554,431027,825772,6388798,275266,1390785,444758,737245,620027,98951,1103710,71764,138537,254105,429721,823929
113年06月,,6450603,335616,1347294,442929,761896,603595,96886,1092782,72646,138952,263845,442858,851304,6450603,293251,1386494,447777,751662,619139,97578,1090184,73003,139316,261865,438503,851831
113年07月,,6255805,303081,1319199,431107,766560,592608,91691,1041822,68501,130661,251846,421155,837574,6255805,271238,1359410,436649,748291,610105,93168,1040120,68937,131562,248247,416132,831946
113年08月,,6752455,335890,1437840,461855,804753,647657,99360,1124328,73193,139666,268629,470138,889146,6752455,295791,1468032,462996,785642,655836,102203,1134537,75377,142478,270261,472062,887240
113年09月,,6493172,343354,1333457,440178,764965,616715,98890,1101391,74290,141549,262182,423051,893150,6493172,303886,1394012,451911,746162,635078,99430,1098171,73042,140052,254522,414970,881936
113年10月,,6153242,305947,1295528,417031,746254,582207,93649,1060525,72129,148355,247745,398206,785666,6153242,268351,1337731,420384,726669,597058,94696,1058226,73231,149470,247130,395949,784347
113年11月,,6720644,339301,1443191,462335,803086,639170,104703,1143343,73011,138390,260588,438165,875361,6720644,293278,1482512,458214,777115,646068,106906,1153362,76042,140993,265859,440251,880044
113年12月,,7150425,362362,1525729,508504,857290,673797,108634,1221279,77804,147955,281005,466668,919398,7150425,313943,1606770,508103,829065,683760,108556,1218638,75599,145786,274747,465665,919793
114年,,82070618,4353001,16917152,5821453,9916891,7791589,1309167,13829742,953821,1800307,3359882,5279283,10738330,82070618,3742672,17533087,5896022,9688759,7959631,1331106,13827727,959320,1804111,3352347,5250945,10724891
114年01月,,6682762,360796,1421993,505077,803272,596134,103002,1076326,79792,143796,266143,436658,889773,6682762,275574,1356368,468532,785892,594442,110326,1103967,92383,163720,305374,460394,965790
114年02月,,6282609,296596,1260430,436142,833953,594433,99372,1024039,74199,137419,260379,406128,859519,6282609,274756,1383751,480990,831176,613188,98244,1002979,67370,123603,231299,384303,790950
114年03月,,6864874,362600,1426062,481905,799775,638576,106833,1181489,82083,150678,290465,444719,899689,6864874,325272,1496490,496086,782838,658985,105802,1169069,79117,148206,281022,433713,888274
114年04月,,6711350,370557,1360399,473695,803400,620093,104139,1121898,79847,152140,295076,446829,883277,6711350,313545,1421353,483322,779230,632635,106262,1125990,80192,151721,293098,448541,875461
114年05月,,6839329,371134,1402744,493032,805291,651311,114752,1162715,78550,158763,281907,435181,883949,6839329,310874,1415041,485911,789090,659368,121816,1168608,84749,161588,294753,439519,908012
114年06月,,6466332,330313,1328241,448699,781330,619995,104024,1105436,74481,139080,269507,421962,843264,6466332,304334,1409050,469068,772721,642228,102291,1089313,69387,132910,254505,407432,813093
114年07月,,6673172,345576,1409212,469770,813213,650535,104946,1129048,73039,141460,262987,419852,853534,6673172,302331,1456118,472090,796873,663483,106284,1126031,73507,142165,261984,418402,853904
114年08月,,7241359,393082,1516365,504770,868791,706517,115436,1226091,84239,152963,287685,454837,930583,7241359,342010,1569094,514702,849062,724274,117417,1228032,83492,152319,285481,450887,924589
114年09月,,6485407,359021,1338583,452505,793855,653300,105491,1105440,71867,140198,251849,407669,805629,6485407,316590,1384691,458039,774804,665252,106484,1106378,71651,141098,249490,405783,805147
114年10月,,7351690,400641,1467682,517949,871391,679133,119220,1237635,92283,178493,308442,475847,1002974,7351690,329087,1524685,527331,848862,693820,121631,1240862,94746,181153,309874,475739,1003900
114年11月,,7064162,368593,1466301,496316,846421,674157,113513,1204282,80805,149962,282867,454768,926177,7064162,311473,1533993,499543,816937,695172,114669,1204174,79675,149440,281456,452118,925512
114年12月,,7407572,394092,1519140,541593,896199,707405,118439,1255343,82636,155355,302575,474833,959962,7407572,336826,1582453,540408,861274,716784,119880,1262324,83051,156188,304011,474114,970259
115年(至08月),,56210800,3014484,11424282,4018152,6745413,5342293,931329,9405893,682144,1256036,2443018,3665120,7282636,56210800,2588927,11843365,4076663,6604738,5470686,943334,9380056,688484,1260498,2440661,3646046,7267342
115年01月,,6712553,347479,1400794,476725,811956,655275,107256,1143636,76935,138666,265485,432825,855521,6712553,304803,1443995,479079,808337,669189,109404,1141320,79022,138460,266774,426289,845881
115年02月,,6740289,369455,1319334,496034,799983,577152,112682,1081529,95631,163999,312359,459462,952669,6740289,300302,1363009,507821,777514,587723,114444,1082872,96151,165644,315203,469865,959741
115年03月,,7431269,378541,1517151,516674,877457,692556,123797,1255828,90631,164948,378728,486206,948752,7431269,331500,1586252,529666,855388,712083,123713,1248636,89004,164774,372328,474881,943044
115年04月,,7220802,393529,1457139,520132,849834,669773,124314,1210811,90156,175109,319795,468472,941738,7220802,322997,1506715,526711,826526,682555,128581,1210463,94535,175378,324761,473118,948462
115年05月,,7263085,380330,1467348,516773,860490,699698,125103,1238296,87050,162139,319326,482360,924172,7263085,326949,1545005,528789,841391,720415,125806,1228184,84821,161810,312537,471513,915865
115年06月,,6706233,373891,1359036,479717,814795,655644,109381,1128066,77920,148300,272738,432681,854064,6706233,327534,1399811,484606,800875,672870,110617,1122765,79024,148964,273369,430303,855495
115年07月,,6966027,374313,1434891,497086,851715,685746,111491,1152808,78245,146863,278887,446547,907435,6966027,324747,1471888,495709,835166,694925,112396,1153512,80621,149305,284186,448978,914594
115年08月,,7170542,396946,1468589,515011,879183,706449,117305,1194919,85576,156012,295700,456567,898285,7170542,350095,1526690,524282,859541,730926,118373,1192304,85306,156163,291503,451099,884260
單位：人次,,,,,,,,,,,,,,,,,,,,,,,,,,,
"說明：
  1.高速鐵路自96年1月5日開始營運。
  2.臺北站自96年3月2日開始通車。
  3.苗栗站、彰化站及雲林站自104年12月1日開始通車。
  4.南港站自105年7月1日開始通車。",,,,,,,,,,,,,,,,,,,,,,,,,,,
資料來源：交通部鐵道局。,,,,,,,,,,,,,,,,,,,,,,,,,,,
最近一次資料更新時間：115年09月29日,,,,,,,,,,,,,,,,,,,,,,,,,,,
