,"國民所得統計常用資料"
,""
"統計期","平均每人GDP(名目值，元)",
"96年第1季","138,268",
"96年第2季","139,481",
"96年第3季","150,648",
"96年第4季","154,736",
"97年第1季","144,721",
"97年第2季","144,172",
"97年第3季","140,947",
"97年第4季","140,439",
"98年第1季","134,819",
"98年第2季","134,508",
"98年第3季","141,465",
"98年第4季","149,015",
"99年第1季","147,518",
"99年第2季","149,886",
"99年第3季","155,737",
"99年第4季","154,455",
"100年第1季","153,297",
"100年第2季","149,702",
"100年第3季","157,167",
"100年第4季","154,756",
"101年第1季","153,765",
"101年第2季","153,099",
"101年第3季","161,594",
"101年第4季","162,291",
"102年第1季","157,387",
"102年第2季","159,449",
"102年第3季","166,054",
"102年第4季","171,252",
"103年第1季","165,254",
"103年第2季","169,567",
"103年第3季","176,757",
"103年第4季","183,102",
"104年第1季","179,835",
"104年第2季","177,245",
"104年第3季","182,665",
"104年第4季","187,150",
"105年第1季","183,756",
"105年第2季","181,155",
"105年第3季","186,819",
"105年第4季","194,796",
"106年第1季","186,316",
"106年第2季","184,107",
"106年第3季","194,297",
"106年第4季","199,958",
"107年第1季","190,219",
"107年第2季","190,941",
"107年第3季","195,985",
"107年第4季","204,024",
"108年第1季","193,960",
"108年第2季","196,231",
"108年第3季","202,331",
"108年第4季","211,601",
"109年第1季","200,655",
"109年第2季","202,302",
"109年第3季","216,447",
"109年第4季","229,701",
"110年第1季","225,036",
"110年第2季","224,674",
"110年第3季","229,763",
"110年第4季","248,303",
"111年第1季","241,359",
"111年第2季","238,497",
"111年第3季","245,758",
"111年第4季","252,965",
"112年第1季","235,631",
"112年第2季","244,824",
"112年第3季","257,726",
"112年第4季","272,778",
"113年第1季","262,415",
"113年第2季","268,110",
"113年第3季","276,678",
"113年第4季","292,187",
"114年第1季","285,793",
"114年第2季","293,006",
"114年第3季","305,394",
"114年第4季","345,842",
"115年第1季","342,956",
"115年第2季","345,711",

註解：
2026Q1為修正數，2026Q2為初步統計數。