year,month,long_holiday_count
2007,1,1
2007,2,2
2007,3,0
2007,4,2
2007,5,0
2007,6,2
2007,7,0
2007,8,0
2007,9,2
2007,10,0
2007,11,0
2007,12,0
2008,1,0
2008,2,2
2008,3,0
2008,4,2
2008,5,0
2008,6,0
2008,7,0
2008,8,0
2008,9,0
2008,10,2
2008,11,0
2008,12,0
2009,1,3
2009,2,1
2009,3,0
2009,4,0
2009,5,2
2009,6,0
2009,7,0
2009,8,0
2009,9,0
2009,10,0
2009,11,0
2009,12,0
2010,1,2
2010,2,2
2010,3,0
2010,4,2
2010,5,0
2010,6,0
2010,7,0
2010,8,0
2010,9,0
2010,10,0
2010,11,0
2010,12,0
2011,1,0
2011,2,4
2011,3,0
2011,4,2
2011,5,0
2011,6,2
2011,7,0
2011,8,0
2011,9,2
2011,10,2
2011,11,0
2011,12,0
2012,1,2
2012,2,2
2012,3,0
2012,4,0
2012,5,0
2012,6,0
2012,7,0
2012,8,0
2012,9,0
2012,10,0
2012,11,0
2012,12,1
2013,1,1
2013,2,2
2013,3,0
2013,4,2
2013,5,0
2013,6,0
2013,7,0
2013,8,0
2013,9,2
2013,10,0
2013,11,0
2013,12,0
2014,1,1
2014,2,2
2014,3,1
2014,4,2
2014,5,1
2014,6,1
2014,7,0
2014,8,0
2014,9,2
2014,10,2
2014,11,0
2014,12,0
2015,1,2
2015,2,3
2015,3,1
2015,4,2
2015,5,0
2015,6,2
2015,7,0
2015,8,0
2015,9,2
2015,10,2
2015,11,0
2015,12,0
2016,1,2
2016,2,4
2016,3,0
2016,4,2
2016,5,0
2016,6,2
2016,7,0
2016,8,0
2016,9,2
2016,10,2
2016,11,0
2016,12,1
2017,1,2
2017,2,3
2017,3,0
2017,4,2
2017,5,2
2017,6,0
2017,7,0
2017,8,0
2017,9,0
2017,10,2
2017,11,0
2017,12,1
2018,1,1
2018,2,2
2018,3,0
2018,4,2
2018,5,0
2018,6,2
2018,7,0
2018,8,0
2018,9,2
2018,10,0
2018,11,0
2018,12,1
2019,1,1
2019,2,3
2019,3,1
2019,4,2
2019,5,0
2019,6,2
2019,7,0
2019,8,0
2019,9,2
2019,10,2
2019,11,0
2019,12,0
2020,1,2
2020,2,1
2020,3,1
2020,4,2
2020,5,0
2020,6,2
2020,7,0
2020,8,0
2020,9,0
2020,10,4
2020,11,0
2020,12,0
2021,1,2
2021,2,3
2021,3,1
2021,4,2
2021,5,0
2021,6,2
2021,7,0
2021,8,0
2021,9,2
2021,10,2
2021,11,0
2021,12,1
2022,1,2
2022,2,3
2022,3,0
2022,4,2
2022,5,0
2022,6,2
2022,7,0
2022,8,0
2022,9,2
2022,10,2
2022,11,0
2022,12,1
2023,1,3
2023,2,2
2023,3,0
2023,4,2
2023,5,0
2023,6,2
2023,7,0
2023,8,0
2023,9,1
2023,10,3
2023,11,0
2023,12,1
2024,1,1
2024,2,2
2024,3,0
2024,4,2
2024,5,0
2024,6,2
2024,7,0
2024,8,0
2024,9,0
2024,10,0
2024,11,0
2024,12,0
2025,1,1
2025,2,2
2025,3,1
2025,4,2
2025,5,1
2025,6,1
2025,7,0
2025,8,0
2025,9,2
2025,10,6
2025,11,0
2025,12,0
2026,1,0
2026,2,3
2026,3,1
2026,4,2
2026,5,2
2026,6,2
2026,7,0
