,高速鐵路行駛次數及行駛公里,列車行駛次數(次),列車行駛公里(公里)
日期,,,
096年,,24400,7925828
096年01月,,1034,322218
096年02月,,1064,334152
096年03月,,1190,383166
096年04月,,1500,489900
096年05月,,1550,506230
096年06月,,1860,591060
096年07月,,1982,629422
096年08月,,2240,726454
096年09月,,2509,798509
096年10月,,2754,900581
096年11月,,3214,1066761
096年12月,,3503,1177375
097年,,45900,15257330
097年01月,,3589,1201170
097年02月,,3516,1171120
097年03月,,3712,1236242
097年04月,,3590,1195907
097年05月,,3715,1237279
097年06月,,3603,1199818
097年07月,,3918,1300355
097年08月,,4123,1366694
097年09月,,3808,1262933
097年10月,,4144,1373101
097年11月,,3994,1323964
097年12月,,4188,1388747
098年,,45286,14986505
098年01月,,4524,1502746
098年02月,,3794,1258183
098年03月,,3870,1280856
098年04月,,3476,1148217
098年05月,,3743,1237767
098年06月,,3476,1148217
098年07月,,3818,1263213
098年08月,,3471,1145365
098年09月,,3684,1218787
098年10月,,3852,1274729
098年11月,,3695,1222839
098年12月,,3883,1285586
099年,,46960,15466248
099年01月,,3948,1307480
099年02月,,3857,1280236
099年03月,,3780,1230561
099年04月,,3842,1272194
099年05月,,3938,1303927
099年06月,,3764,1245750
099年07月,,4000,1316349
099年08月,,4018,1319026
099年09月,,3767,1235263
099年10月,,4081,1341139
099年11月,,3915,1285138
099年12月,,4050,1329185
100年,,48553,15956574
100年01月,,4102,1347905
100年02月,,3977,1310760
100年03月,,4031,1323098
100年04月,,4012,1319284
100年05月,,4076,1338904
100年06月,,3975,1305853
100年07月,,4135,1359460
100年08月,,4083,1340740
100年09月,,4007,1316710
100年10月,,4152,1365567
100年11月,,3906,1282264
100年12月,,4097,1346029
101年,,48682,16005125
101年01月,,4524,1493235
101年02月,,3905,1284417
101年03月,,4068,1336190
101年04月,,3946,1296712
101年05月,,4071,1335990
101年06月,,3943,1295355
101年07月,,4105,1349640
101年08月,,4055,1332856
101年09月,,3969,1305433
101年10月,,4037,1326390
101年11月,,3923,1288749
101年12月,,4136,1360158
102年,,48859,16034710
102年01月,,4072,1338444
102年02月,,4032,1327267
102年03月,,4141,1350369
102年04月,,4012,1318684
102年05月,,4077,1339423
102年06月,,3931,1292700
102年07月,,4085,1342356
102年08月,,4177,1373710
102年09月,,4099,1347924
102年10月,,4080,1337569
102年11月,,3996,1309748
102年12月,,4157,1356516
103年,,50467,16347317
103年01月,,4291,1394263
103年02月,,4081,1327660
103年03月,,4252,1377781
103年04月,,4167,1351236
103年05月,,4297,1392530
103年06月,,4148,1343194
103年07月,,4174,1347748
103年08月,,4279,1382834
103年09月,,4132,1337594
103年10月,,4269,1382500
103年11月,,4125,1335219
103年12月,,4252,1374758
104年,,50532,16366984
104年01月,,4263,1382618
104年02月,,4162,1360076
104年03月,,4256,1375218
104年04月,,4202,1365112
104年05月,,4306,1394874
104年06月,,4165,1349508
104年07月,,4242,1370109
104年08月,,4170,1346399
104年09月,,4027,1304981
104年10月,,4304,1396329
104年11月,,4100,1326199
104年12月,,4335,1395561
105年,,51106,16696185
105年01月,,4398,1413347
105年02月,,4439,1408973
105年03月,,4327,1385489
105年04月,,4314,1383731
105年05月,,4389,1409217
105年06月,,4213,1354488
105年07月,,4107,1369390
105年08月,,4196,1400570
105年09月,,3996,1327306
105年10月,,4344,1447676
105年11月,,4067,1358142
105年12月,,4316,1437856
106年,,51751,17229700
106年01月,,4586,1522288
106年02月,,4091,1353578
106年03月,,4282,1428403
106年04月,,4331,1437896
106年05月,,4471,1488071
106年06月,,4155,1386296
106年07月,,4276,1426510
106年08月,,4283,1430335
106年09月,,4199,1401271
106年10月,,4489,1493868
106年11月,,4164,1390384
106年12月,,4424,1470800
107年,,52437,17441565
107年01月,,4351,1449513
107年02月,,4297,1420754
107年03月,,4355,1449523
107年04月,,4414,1465755
107年05月,,4339,1447517
107年06月,,4286,1427610
107年07月,,4378,1457012
107年08月,,4379,1457329
107年09月,,4372,1452913
107年10月,,4378,1458565
107年11月,,4359,1448648
107年12月,,4529,1506426
108年,,53727,17826078
108年01月,,4461,1483931
108年02月,,4511,1484776
108年03月,,4521,1502866
108年04月,,4443,1474426
108年05月,,4454,1481851
108年06月,,4388,1459545
108年07月,,4461,1483783
108年08月,,4452,1473079
108年09月,,4488,1487416
108年10月,,4623,1532669
108年11月,,4397,1460042
108年12月,,4528,1501694
109年,,53076,17626356
109年01月,,4962,1633463
109年02月,,4288,1422593
109年03月,,4526,1502666
109年04月,,4441,1474648
109年05月,,4131,1377746
109年06月,,3906,1302395
109年07月,,4265,1426068
109年08月,,4519,1501303
109年09月,,4392,1457761
109年10月,,4728,1566568
109年11月,,4371,1451699
109年12月,,4547,1509446
110年,,46792,15532523
110年01月,,4592,1523075
110年02月,,4530,1490414
110年03月,,4537,1506320
110年04月,,4617,1525910
110年05月,,4074,1356991
110年06月,,2440,817754
110年07月,,2455,824128
110年08月,,2989,981828
110年09月,,3751,1247344
110年10月,,3985,1327480
110年11月,,4223,1405507
110年12月,,4599,1525772
111年,,54054,17928956
111年01月,,4653,1542258
111年02月,,4492,1477034
111年03月,,4476,1488292
111年04月,,4525,1496876
111年05月,,4520,1501113
111年06月,,4341,1444295
111年07月,,4543,1508052
111年08月,,4464,1484290
111年09月,,4464,1481228
111年10月,,4592,1523410
111年11月,,4391,1458660
111年12月,,4593,1523448
112年,,54991,18198214
112年01月,,4923,1623191
112年02月,,4224,1399211
112年03月,,4554,1511762
112年04月,,4616,1524875
112年05月,,4553,1509167
112年06月,,4539,1500375
112年07月,,4551,1508866
112年08月,,4530,1502983
112年09月,,4503,1490531
112年10月,,4794,1582421
112年11月,,4476,1481292
112年12月,,4728,1563540
113年,,57729,19052039
113年01月,,4818,1590067
113年02月,,4793,1574372
113年03月,,4805,1589157
113年04月,,4692,1547902
113年05月,,4759,1573033
113年06月,,4671,1542575
113年07月,,4736,1566037
113年08月,,4908,1622687
113年09月,,4895,1613130
113年10月,,4718,1550386
113年11月,,4901,1620222
113年12月,,5033,1662471
114年,,59606,19655568
114年01月,,5130,1688025
114年02月,,4674,1525317
114年03月,,4976,1645100
114年04月,,4947,1630137
114年05月,,5087,1680345
114年06月,,4855,1603594
114年07月,,4931,1626107
114年08月,,5023,1659111
114年09月,,4859,1606828
114年10月,,5197,1713146
114年11月,,4871,1608049
114年12月,,5056,1669809
115年(至08月),,40510,13351132
115年01月,,5032,1662661
115年02月,,4947,1622664
115年03月,,5208,1714594
115年04月,,5070,1666403
115年05月,,5089,1676805
115年06月,,4925,1626120
115年07月,,5079,1677647
115年08月,,5160,1704238
說明：高速鐵路自96年1月5日開始營運。,,,
資料來源：交通部鐵道局。,,,
最近一次資料更新時間：115年09月29日,,,
