,高速鐵路客運概況,旅客人數(人次),平均每日人數(人次),延人公里(人公里),平均每一旅客運距(公里),客座利用率(%),列車準點率(%)
日期,,,,,,,
096年,,15555656,43090,3520173426,226.3,44.91,99.47
096年01月,,1161047,43002,252905393,217.83,79.36,99.61
096年02月,,724784,25885,163397100,225.44,49.44,99.81
096年03月,,919455,29660,211535284,230.07,55.82,99.92
096年04月,,1076413,35880,251318735,233.48,51.87,99.93
096年05月,,1155098,37261,266817258,230.99,53.29,99.94
096年06月,,1241227,41374,287557049,231.67,49.19,99.03
096年07月,,1425755,45992,327989649,230.05,52.69,99.39
096年08月,,1373686,44312,313322354,228.09,43.61,99.64
096年09月,,1367236,45575,313785859,229.5,39.73,99.96
096年10月,,1448553,46728,325843898,224.94,36.58,98
096年11月,,1659506,55317,368249058,221.9,34.9,99.28
096年12月,,2002896,64610,437451789,218.41,37.57,99.89
097年,,30581261,83555,6566119575,214.71,43.51,99.19
097年01月,,1958004,63161,427087575,218.12,35.95,99.75
097年02月,,2095210,72249,464631472,221.76,40.12,98.86
097年03月,,2311821,74575,499869206,216.22,40.88,99.33
097年04月,,2545527,84851,549950673,216.05,46.5,99.78
097年05月,,2603395,83980,560909249,215.45,45.84,99.62
097年06月,,2537620,84587,544917884,214.74,45.92,99.53
097年07月,,2811997,90710,605923969,215.48,47.12,97.98
097年08月,,2973150,95908,630249077,211.98,46.63,99.03
097年09月,,2488574,82952,529600881,212.81,42.4,98.5
097年10月,,2855980,92128,606826369,212.48,44.69,99.3
097年11月,,2741710,91390,583940627,212.98,44.6,98.92
097年12月,,2658273,85751,562212593,211.5,40.93,99.71
098年,,32349260,88628,6863960208,212.18,46.31,99.25
098年01月,,2786684,89893,610598477,219.11,41.08,98.74
098年02月,,2396835,85601,508782980,212.27,40.89,99.58
098年03月,,2648005,85420,562792461,212.53,44.43,98.79
098年04月,,2582952,86098,548602664,212.39,48.31,99.97
098年05月,,2752003,88774,589171415,214.09,48.13,100
098年06月,,2436486,81216,512670295,210.41,45.15,99.22
098年07月,,2957323,95398,631751940,213.62,50.57,99.92
098年08月,,2716287,87622,584485046,215.18,51.6,97.41
098年09月,,2440872,81362,510246925,209.04,42.33,99.81
098年10月,,2839086,91583,594853665,209.52,47.18,99.14
098年11月,,2814651,93822,590607416,209.83,48.84,99.11
098年12月,,2978076,96067,619396924,207.99,48.72,99.38
099年,,36939596,101204,7491019590,202.79,48.97,99.22
099年01月,,2870737,92604,599486089,208.83,46.36,99.59
099年02月,,3047303,108832,657353585,215.72,51.92,100
099年03月,,2938307,94784,602431747,205.03,49.5,96.61
099年04月,,3090380,103013,634098443,205.18,50.4,99.77
099年05月,,3212410,103626,641117323,199.58,49.72,99.85
099年06月,,2983161,99439,605285984,202.9,49.13,99.73
099年07月,,3160655,101957,641533373,202.97,49.28,98.8
099年08月,,3188488,102854,644414534,202.11,49.4,99.1
099年09月,,2865777,95526,570657082,199.13,46.71,99.23
099年10月,,3114371,100464,618194641,198.5,46.61,99.44
099年11月,,3114886,103830,616960244,198.07,48.54,98.54
099年12月,,3353121,108165,659486545,196.68,50.17,99.85
100年,,41629303,114053,8147869493,195.72,51.63,99.86
100年01月,,3154725,101765,631384481,200.14,47.36,99.98
100年02月,,3439685,122846,709820492,206.36,54.76,99.75
100年03月,,3258311,105107,639937020,196.4,48.9,99.88
100年04月,,3476554,115885,688708795,198.1,52.78,99.93
100年05月,,3318438,107046,648854206,195.53,49,99.93
100年06月,,3380395,112680,664488796,196.57,51.45,99.8
100年07月,,3691078,119067,725502888,196.56,53.96,99.95
100年08月,,3500945,112934,680753745,194.45,51.34,99.78
100年09月,,3474884,115829,672042695,193.4,51.61,99.93
100年10月,,3702168,119425,715457555,193.25,52.98,99.83
100年11月,,3540421,118014,675667743,190.84,53.28,99.8
100年12月,,3691699,119087,695251077,188.33,52.23,99.83
101年,,44525754,121655,8641573257,194.08,54.59,99.4
101年01月,,3940570,127115,797431915,202.36,54,99.98
101年02月,,3401837,117305,665974276,195.77,52.43,98.13
101年03月,,3612732,116540,697872589,193.17,52.81,99.58
101年04月,,3569495,118983,691549549,193.74,53.92,99.75
101年05月,,3577726,115411,692332025,193.51,52.4,99.8
101年06月,,3482425,116081,670337523,192.49,52.32,99.39
101年07月,,3902874,125899,764327992,195.84,57.26,99.9
101年08月,,3730155,120328,723214278,193.88,54.86,96.33
101年09月,,3696134,123204,711329034,192.45,55.1,100
101年10月,,3826495,123435,732481959,191.42,55.84,99.88
101年11月,,3762009,125400,721096385,191.68,56.58,99.95
101年12月,,4023302,129784,773625732,192.29,57.51,100
102年,,47486859,130101,9118060276,192.01,57.5,99.38
102年01月,,3647415,117659,699108016,191.67,52.81,99.75
102年02月,,3956747,141312,776516253,196.25,59.16,99.9
102年03月,,4245483,136951,789594215,185.98,59.12,99.25
102年04月,,3913418,130447,757045334,193.45,58.05,99.8
102年05月,,3904892,125964,747230935,191.36,56.41,99.95
102年06月,,3890726,129691,749371515,192.6,58.61,98.02
102年07月,,4052344,130721,787177796,194.25,59.29,98.53
102年08月,,4136920,133449,801175010,193.66,58.97,99.07
102年09月,,3975780,132526,771266846,193.99,57.86,100
102年10月,,3886353,125366,740802796,190.62,56,99.53
102年11月,,3861841,128728,733845657,190.02,56.65,99.15
102年12月,,4014940,129514,764925903,190.52,57.02,99.57
103年,,48024758,131575,9235162292,192.3,57.12,99.61
103年01月,,3799436,122562,737870685,194.21,53.51,99.86
103年02月,,3832719,136883,750356770,195.78,57.15,99.56
103年03月,,4001023,129065,763825468,190.91,56.06,99.67
103年04月,,3984512,132817,768408938,192.85,57.5,98.9
103年05月,,4029882,129996,776601117,192.71,56.39,99.53
103年06月,,3915932,130531,755887326,193.03,56.9,99.69
103年07月,,4078266,131557,788478435,193.34,59.15,99.54
103年08月,,4139391,133529,794774346,192,58.11,98.88
103年09月,,3949938,131665,756007547,191.4,57.15,99.98
103年10月,,4155844,134059,796790205,191.73,58.28,99.91
103年11月,,4018332,133944,763478829,190,57.82,99.95
103年12月,,4119483,132887,782682626,190,57.57,99.88
104年,,50561878,138526,9654960687,190.95,59.65,99.66
104年01月,,3955998,127613,759692707,192.04,55.56,99.74
104年02月,,4140433,147873,829581946,200.36,61.67,98.75
104年03月,,4193956,135289,793788364,189.27,58.36,99.98
104年04月,,4175062,139169,806777832,193.24,59.76,100
104年05月,,4213646,135924,808498901,191.88,58.61,99.91
104年06月,,4087705,136257,785888397,192.26,58.88,99.95
104年07月,,4211651,135860,808711177,192.02,59.68,99.86
104年08月,,4194775,135315,805697635,192.07,60.51,99.62
104年09月,,4047485,134916,772490380,190.86,59.85,98.61
104年10月,,4241370,136818,800995108,188.85,58,99.67
104年11月,,4170979,139033,786351423,188.53,59.95,99.95
104年12月,,4928818,158994,896486817,181.89,64.95,99.86
105年,,56586210,154607,10488339832,185.35,63.52,99.43
105年01月,,4604235,148524,860538035,186.9,61.56,99.66
105年02月,,4841423,166946,890813234,184,63.93,98.67
105年03月,,4611193,148748,828071392,179.58,60.43,99.65
105年04月,,4654341,155145,873389141,187.65,63.82,99.61
105年05月,,4618120,148972,859760683,186.17,61.69,99.32
105年06月,,4563193,152106,861841646,188.87,64.34,99.19
105年07月,,4737535,152824,885711402,186.96,65.4,99.71
105年08月,,4762706,153636,886706217,186.18,64.01,99.76
105年09月,,4420684,147356,823881108,186.37,62.76,97.9
105年10月,,4923512,158823,912408670,185.32,63.73,99.93
105年11月,,4684505,156150,862747472,184.17,64.23,99.93
105年12月,,5164763,166605,942470832,182.48,66.28,99.79
106年,,60571057,165948,11103358620,183.31,65.16,99.72
106年01月,,5175232,166943,973916582,188.19,64.69,99.8
106年02月,,4792273,171153,871727631,181.9,65.12,99.95
106年03月,,4949836,159672,912742018,184.4,64.61,99.93
106年04月,,5095172,169839,930345507,182.59,65.42,99.54
106年05月,,5142697,165893,951318586,184.98,64.64,99.4
106年06月,,4566730,152224,833910248,182.61,60.82,99.74
106年07月,,4978951,160611,916398700,184.05,64.96,99.91
106年08月,,5223860,168512,964586045,184.65,68.19,99.42
106年09月,,4653364,155112,840002142,180.52,60.61,99.64
106年10月,,5373773,173348,993044130,184.79,67.21,99.69
106年11月,,5006047,166868,912281152,182.24,66.34,99.71
106年12月,,5613122,181068,1003085879,178.7,68.96,99.95
107年,,63963199,175242,11558787218,180.71,67.01,99.43
107年01月,,4958457,159950,893377718,180.17,62.32,99.93
107年02月,,5154270,184081,971960701,188.57,69.17,99.88
107年03月,,5308893,171255,949573004,178.86,66.24,99.08
107年04月,,5475892,182530,1005448628,183.61,69.36,99.91
107年05月,,5212836,168156,936038564,179.56,65.38,99.7
107年06月,,5185704,172857,937853184,180.85,66.42,99.6
107年07月,,5289840,170640,955012853,180.54,66.28,99.45
107年08月,,5419952,174837,974048785,179.72,67.58,97.42
107年09月,,5251154,175038,946984743,180.34,65.9,99.93
107年10月,,5311974,171354,948121485,178.49,65.73,99.95
107年11月,,5517382,183913,995150853,180.37,69.46,99.29
107年12月,,5876845,189576,1045216700,177.85,70.16,98.98
108年,,67411248,184688,11994452919,177.93,68.03,99.88
108年01月,,5326693,171829,956810932,179.63,65.2,100
108年02月,,5425372,193763,1014470571,186.99,69.08,99.87
108年03月,,5648453,182208,1012347921,179.23,68.11,100
108年04月,,5678567,189286,1024068078,180.34,70.23,99.91
108年05月,,5475139,176617,967395436,176.69,66.01,99.93
108年06月,,5610936,187031,1001999502,178.58,69.42,99.91
108年07月,,5621665,181344,996939676,177.34,67.94,99.96
108年08月,,5559008,179323,982412145,176.72,67.43,99.44
108年09月,,5505456,183515,972811987,176.7,66.13,99.93
108年10月,,5801186,187135,1021510815,176.09,67.39,99.96
108年11月,,5683553,189452,995537804,175.16,68.94,100
108年12月,,6075220,195975,1048148052,172.53,70.57,99.65
109年,,57238942,156391,9912062318,173.17,56.94,99.74
109年01月,,6230650,200989,1143651916,183.55,70.79,99.8
109年02月,,3968432,136842,683592359,172.26,48.59,99.88
109年03月,,3529935,113869,592594098,167.88,39.87,99.98
109年04月,,2947586,98253,503008048,170.65,34.49,100
109年05月,,3670631,118407,621509396,169.32,45.61,99.95
109年06月,,4431804,147727,784625138,177.04,60.91,99.92
109年07月,,4975726,160507,865810357,174.01,61.39,99.93
109年08月,,5489625,177085,952062379,173.43,64.12,99.8
109年09月,,5011876,167063,850398931,169.68,58.98,99.86
109年10月,,5723958,184644,989561366,172.88,63.87,99.81
109年11月,,5472335,182411,933516720,170.59,65.34,99.95
109年12月,,5786384,186658,991731610,171.39,67.25,98.11
110年,,43459558,119067,7568787566,174.16,49.88,99.01
110年01月,,4660193,150329,790159952,169.56,53.1,99.98
110年02月,,4455946,159141,813051250,182.46,55.84,99.87
110年03月,,5160243,166459,880082481,170.55,59.8,99.82
110年04月,,5514868,183829,955793668,173.31,64.11,99.87
110年05月,,2696576,86986,467164537,173.24,35.24,99.98
110年06月,,539630,17988,89477275,165.81,11.2,99.92
110年07月,,1137242,36685,197798441,173.93,24.57,99.96
110年08月,,2225096,71777,392951155,176.6,40.96,87.02
110年09月,,2960416,98681,528497667,178.52,43.37,99.65
110年10月,,4032592,130084,708184134,175.62,54.6,99.15
110年11月,,4537412,151247,791611927,174.46,57.65,100
110年12月,,5539344,178689,954015079,172.23,64,99.91
111年,,54162008,148389,9338060508,172.41,53.31,99.47
111年01月,,4148796,133832,729927234,175.94,48.44,99.94
111年02月,,3973070,141895,711695200,179.13,49.32,99.98
111年03月,,4837482,156048,820518798,169.62,56.43,99.66
111年04月,,3976458,132549,692990746,174.27,47.39,97.77
111年05月,,2643078,85261,437823457,165.65,29.85,100
111年06月,,3133528,104451,527772909,168.43,37.4,99.95
111年07月,,4431576,142954,757269482,170.88,51.4,99.6
111年08月,,4970649,160344,857009562,172.41,59.1,99.44
111年09月,,4947082,164903,859904449,173.82,59.42,98.03
111年10月,,5383137,173650,933054236,173.33,62.69,99.46
111年11月,,5502680,183423,946052794,171.93,66.38,99.95
111年12月,,6214472,200467,1064041641,171.22,71.49,99.87
112年,,73086668,200237,12564568569,171.91,70.67,99.58
112年01月,,6089874,196448,1089449178,178.9,68.7,99.7
112年02月,,5497363,196334,944247901,171.76,69.07,98.67
112年03月,,5986367,193109,1032979546,172.56,69.94,99.69
112年04月,,6213664,207122,1081527753,174.06,72.6,99.72
112年05月,,5925155,191134,1009051871,170.3,68.44,98.81
112年06月,,5879128,195971,1012051168,172.14,69.04,99.87
112年07月,,6032903,194610,1030566248,170.82,69.91,99.87
112年08月,,6222351,200721,1064587921,171.09,72.5,99.91
112年09月,,5826261,194209,980005765,168.2,67.3,98.87
112年10月,,6428106,207358,1109028346,172.53,71.73,99.92
112年11月,,6274964,209165,1074386058,171.22,74.24,99.89
112年12月,,6710532,216469,1136686814,169.39,74.41,99.96
113年,,78250483,213799,13351195027,170.62,71.73,99.5
113年01月,,6301769,203283,1082709220,171.81,69.7,99.98
113年02月,,6380919,220032,1129866707,177.07,73.46,99.6
113年03月,,6796713,219249,1156288444,170.12,74.47,100
113年04月,,6405938,213531,1109428058,173.19,73.36,98.81
113年05月,,6388798,206090,1083729042,169.63,70.52,99.89
113年06月,,6450603,215020,1107392284,171.67,73.48,99.74
113年07月,,6255805,201800,1066961926,170.56,69.74,97.28
113年08月,,6752455,217821,1145940668,169.71,72.28,99.82
113年09月,,6493172,216439,1106915518,170.47,70.23,100
113年10月,,6153242,198492,1028684484,167.18,67.91,99.53
113年11月,,6720644,224021,1133678095,168.69,71.62,99.49
113年12月,,7150425,230659,1199600581,167.77,73.86,99.8
114年,,82070618,224851,13747983640,167.51,71.59,99.31
114年01月,,6682762,215573,1155999949,172.98,70.09,96.14
114年02月,,6282609,224379,1043595100,166.11,70.03,99.98
114年03月,,6864874,221448,1160279946,169.02,72.19,99.78
114年04月,,6711350,223712,1141101883,170.03,71.65,98.46
114年05月,,6839329,220624,1145556046,167.5,69.78,100
114年06月,,6466332,215544,1081535368,167.26,69.03,99.73
114年07月,,6673172,215264,1110348056,166.39,69.89,99.49
114年08月,,7241359,233592,1204744641,166.37,74.32,99.5
114年09月,,6485407,216180,1056303527,162.87,67.29,99.92
114年10月,,7351690,237151,1246878088,169.6,74.5,99.85
114年11月,,7064162,235472,1172955128,166.04,74.66,99.96
114年12月,,7407572,238954,1228685908,165.87,75.31,99.09
115年(至08月),,56210800,231320,9352113407,166.38,71.7,99.6
115年01月,,6712553,216534,1106803941,164.89,68.14,99.72
115年02月,,6740289,240725,1178337409,174.82,74.33,99.94
115年03月,,7431269,239718,1225645298,164.93,73.17,99.88
115年04月,,7220802,240693,1210081573,167.58,74.33,99.9
115年05月,,7263085,234293,1197637903,164.89,73.11,97.68
115年06月,,6706233,223541,1106627615,165.01,69.66,99.7
115年07月,,6966027,224711,1151275447,165.27,70.24,100
115年08月,,7170542,231308,1175704221,163.96,70.61,99.94
"說明：
  1.高速鐵路自96年1月5日開始營運。
  2.列車準點率96年以列車抵達終點站時間與時刻表訂時間差距未滿10分鐘計算，97年起以未滿5分鐘為準。",,,,,,,
資料來源：交通部鐵道局。,,,,,,,
最近一次資料更新時間：115年09月29日,,,,,,,
